Date,Close,Upper_Band,Lower_Band
2017-07-10,20473,,
2017-07-11,20172,,
2017-07-12,19770,,
2017-07-13,20051,,
2017-07-14,19870,,
2017-07-17,20172,,
2017-07-18,20774,,
2017-07-19,21075,,
2017-07-20,21075,,
2017-07-21,21677,,
2017-07-24,21878,,
2017-07-25,21577,,
2017-07-26,21175,,
2017-07-27,21978,,
2017-07-28,22279,,
2017-07-31,24086,,
2017-08-01,23684,,
2017-08-02,22982,,
2017-08-03,22982,,
2017-08-04,22179,24035.704564533167,18955.195435466834
2017-08-07,22179,24090.83734383571,19070.66265616429
2017-08-08,22279,24123.03343968884,19249.166560311158
2017-08-09,21777,24050.307116097494,19522.592883902507
2017-08-10,21777,23984.538055055167,19760.961944944833
2017-08-11,22078,23873.32896952699,20092.971030473014
2017-08-14,22681,23816.948836557807,20400.25116344219
2017-08-16,22982,23847.727110353357,20590.272889646643
2017-08-17,22982,23883.27001406264,20745.429985937357
2017-08-18,22781,23867.080590127556,20932.219409872447
2017-08-21,22881,23901.005862858914,21018.694137141083
2017-08-22,23182,23973.341112783757,21076.75888721624
2017-08-23,23082,23996.648033829293,21203.951966170705
2017-08-24,23383,23975.516874616947,21445.883125383054
2017-08-25,23584,24063.85092359011,21518.14907640989
2017-08-28,23684,24169.709419558574,21552.790580441426
2017-08-29,23885,24122.61406564336,21579.78593435664
2017-08-30,24487,24315.087893530148,21467.61210646985
2017-08-31,24688,24611.957957477567,21341.342042522436
2017-09-01,24487,24821.257885312007,21282.542114687996
2017-09-04,23985,24908.320887559414,21376.079112440588
2017-09-05,25189,25218.958997724803,21366.441002275198
2017-09-06,25691,25603.979587125734,21322.620412874265
2017-09-07,25491,25817.928331057326,21480.071668942674
2017-09-08,25992,26081.27824353913,21638.22175646087
2017-09-11,26193,26353.45026629789,21777.54973370211
2017-09-12,26193,26618.96333988264,21863.236660117356
2017-09-13,25591,26744.829540835275,21998.270459164723
2017-09-14,26494,27005.707666600465,22088.592333399538
2017-09-15,27197,27348.801305898465,22187.098694101536
2017-09-18,27197,27621.415624632566,22346.084375367434
2017-09-19,27498,27921.423849507257,22477.67615049274
2017-09-20,28602,28404.892119423992,22546.207880576007
2017-09-21,28501,28782.76036389974,22680.139636100263
2017-09-22,27799,28950.95078816159,22933.44921183841
2017-09-25,27799,29067.983848037387,23227.916151962614
2017-09-26,28301,29235.656190523674,23501.843809476326
2017-09-27,28200,29388.92930465486,23719.870695345144
2017-09-28,28000,29481.463608878028,23958.536391121972
2017-09-29,28903,29656.296783085396,24225.303216914603
2017-10-10,29906,29885.737693075353,24587.962306924645
2017-10-11,30207,30267.2980037702,24708.2019962298
2017-10-12,32014,31111.230798472698,24496.569201527305
2017-10-13,30609,31405.40069974063,24714.19930025937
2017-10-16,31311,31821.518140872126,24829.981859127874
2017-10-17,31612,32233.62797491737,24959.77202508263
2017-10-18,29806,32267.527451377646,25287.17254862235
2017-10-19,29505,32134.396713365204,25811.703286634794
2017-10-20,30107,32125.83381437075,26181.56618562925
2017-10-23,30308,32173.891788940997,26444.608211059003
2017-10-24,30107,32158.771167388288,26750.728832611712
2017-10-25,29304,32089.86900710975,27000.230992890247
2017-10-26,28100,32113.371594808825,26926.528405191177
2017-10-27,28802,32106.928704913415,26963.071295086585
2017-10-30,28501,32060.13072481566,27080.069275184338
2017-10-31,28903,31996.108798257344,27254.491201742654
2017-11-01,30308,32029.39498543012,27421.905014569882
2017-11-02,30107,32014.069562340155,27627.930437659845
2017-11-03,30609,31993.633606880194,27909.266393119808
2017-11-06,30709,32048.134218333722,28035.365781666278
2017-11-07,30910,32133.957420472027,28049.942579527975
2017-11-08,31612,32314.561601394515,28009.838398605487
2017-11-09,30609,32074.87197739112,28109.02802260888
2017-11-10,30609,32074.87197739112,28109.02802260888
2017-11-13,30910,32010.536840669152,28133.26315933085
2017-11-14,31111,31913.299291541134,28180.400708458863
2017-11-15,30910,32003.480760464805,28200.619239535194
2017-11-16,31010,32098.264023334905,28256.335976665094
2017-11-17,31612,32277.04000465476,28228.05999534524
2017-11-20,32114,32532.154073516387,28153.54592648361
2017-11-21,32315,32808.84739880626,28097.652601193742
2017-11-22,31010,32841.8958021344,28235.204197865594
2017-11-23,30007,32652.48970049563,28615.310299504374
2017-11-24,29706,32560.81958311363,28797.380416886368
2017-11-27,29605,32399.28024012288,29069.31975987712
2017-11-28,29204,32348.783093646707,29149.91690635329
2017-11-29,29103,32441.96002683724,28936.239973162756
2017-11-30,27397,32835.16635023529,28272.03364976471
2017-12-01,28100,32959.164714340906,27897.135285659093
2017-12-04,28000,33041.04956023844,27544.35043976156
2017-12-05,28200,33041.27238393719,27273.12761606281
2017-12-06,27698,32958.872568732346,26964.12743126765
2017-12-07,27197,33013.06886094146,26568.73113905855
2017-12-08,27799,32966.06745840661,26334.732541593392
2017-12-11,28100,32838.9486644875,26180.8513355125
2017-12-12,28301,32650.776373606488,26088.023626393515
2017-12-13,28301,32469.494453053943,26008.405546946058
2017-12-14,28903,32256.596361458644,26010.603638541354
2017-12-15,28602,31885.526636273014,26080.673363726983
2017-12-18,26996,31357.017572220102,26097.3824277799
2017-12-19,27197,30574.441720078932,26368.158279921066
2017-12-20,26795,30123.592048286606,26397.507951713393
2017-12-21,25892,30012.251468780603,26097.348531219395
2017-12-22,25992,29871.16050699872,25867.039493001277
2017-12-26,25290,29793.031065756688,25513.66893424331
2017-12-27,28000,29613.56093006239,25572.739069937612
2017-12-28,27498,29404.175915744047,25621.624084255956
2018-01-02,29405,29683.40796565625,25543.19203434375
2018-01-03,29906,30007.460046918917,25399.73995308108
2018-01-04,31311,30682.2493789394,25056.050621060604
2018-01-05,31311,31231.34481810403,24818.055181895972
2018-01-08,32014,31903.073182311746,24577.926817688254
2018-01-09,31512,32360.403247369657,24552.096752630343
2018-01-10,30007,32517.14749165578,24616.15250834422
2018-01-11,28200,32519.913163788096,24623.386836211906
2018-01-12,28200,32516.57872879012,24616.62127120988
2018-01-15,29103,32561.606298710325,24651.793701289676
2018-01-16,28200,32527.864046126597,24615.2359538734
2018-01-17,26896,32512.74168828015,24459.75831171985
2018-01-18,27197,32508.10673827427,24484.49326172573
2018-01-19,27698,32505.155917646258,24537.54408235374
2018-01-22,27197,32492.50339584797,24590.396604152033
2018-01-23,27397,32409.4448246966,24823.955175303403
2018-01-24,27096,32333.676267275023,25010.12373272498
2018-01-25,27096,32151.781784480772,25372.61821551923
2018-01-26,28100,32152.339885160567,25382.060114839434
2018-01-29,27899,32145.380110955335,25429.119889044665
2018-01-30,27799,32079.65751614683,25334.24248385317
2018-01-31,28100,31950.671644548136,25282.628355451867
2018-02-01,28401,31554.659775700704,25387.6402242993
2018-02-02,28802,31132.628669795125,25558.771330204876
2018-02-05,26996,30342.57612670595,25847.02387329405
2018-02-06,26293,29563.266850301003,26104.433149698994
2018-02-07,25390,29343.57945584368,25862.42054415632
2018-02-08,25390,29437.972495112805,25487.027504887195
2018-02-09,23684,29801.657297274553,24671.74270272545
2018-02-12,23684,29828.233344010365,24103.266655989635
2018-02-13,23885,29860.501330383213,23639.498669616787
2018-02-14,24587,29890.248387362324,23378.851612637674
2018-02-19,24888,29853.623710958935,23184.576289041062
2018-02-20,24688,29750.458623208313,22986.741376791684
2018-02-21,24989,29670.21848578938,22846.18151421062
2018-02-22,24788,29555.904690055195,22699.595309944805
2018-02-23,24788,29458.606261663183,22566.093738336815
2018-02-26,24688,29347.04305076922,22436.85694923078
2018-02-27,26293,29104.740986840778,22498.45901315922
2018-02-28,25691,28843.32206549645,22539.07793450355
2018-03-02,25591,28572.67866345583,22588.92133654417
2018-03-05,24688,28177.965247118707,22642.434752881294
2018-03-06,26594,27777.093922515025,22862.606077484972
2018-03-07,25992,27049.46615456879,23309.23384543121
2018-03-08,26494,26932.944124765105,23375.555875234895
2018-03-09,26896,27062.05737584173,23306.742624158273
2018-03-12,27096,27332.55485368424,23206.84514631576
2018-03-13,28200,27854.974844869244,22965.425155130757
2018-03-14,27498,28073.580276009932,23128.21972399007
2018-03-15,28401,28436.173083767073,23237.326916232927
2018-03-16,28301,28708.623226569118,23406.47677343088
2018-03-19,27598,28849.513568925784,23566.686431074213
2018-03-20,27899,29026.36080852005,23690.939191479953
2018-03-21,27698,29119.010514522393,23899.28948547761
2018-03-22,27698,29202.95435593395,24086.245644066046
2018-03-23,26193,29131.80191032879,24297.898089671206
2018-03-26,26293,29042.57577473973,24537.624225260268
2018-03-27,26394,28911.514607466073,24839.28539253393
2018-03-28,25892,28923.261153033895,24787.438846966103
2018-03-29,25992,28906.77194410469,24834.028055895313
2018-03-30,26494,28870.914709553763,24960.185290446236
2018-04-02,25892,28703.211645548738,25248.288354451262
2018-04-03,25792,28736.115352127163,25135.18464787284
2018-04-04,24788,28877.943337921733,24872.956662078268
2018-04-05,24989,28969.23282836526,24631.16717163474
2018-04-06,24587,29067.576439778015,24301.923560221985
2018-04-09,24387,29133.194987274655,23965.405012725343
2018-04-10,24587,28971.7477719875,23765.552228012504
2018-04-11,24387,28902.42195719919,23523.778042800808
2018-04-12,24086,28639.55149636027,23355.148503639728
2018-04-13,24186,28316.77266944785,23266.427330552146
2018-04-16,23483,28161.37253461621,23010.327465383787
2018-04-17,23684,27841.13503624749,22909.064963752506
2018-04-18,23985,27471.347038592463,22907.55296140754
2018-04-19,23383,27064.934045146358,22882.465954853644
2018-04-20,23082,26988.811046535742,22647.48895346426
2018-04-23,22279,26950.164477080136,22284.735522919866
2018-04-24,23082,26722.96864623218,22180.731353767816
2018-04-25,23182,26548.72831872089,22083.97168127911
2018-04-26,22881,26334.33445845831,21987.26554154169
2018-04-27,22781,25933.178253653583,22017.12174634642
2018-04-30,22279,25672.955524598652,21916.044475401348
2018-05-02,22982,25310.64035419833,21997.35964580167
2018-05-03,22781,25163.549804008893,21943.75019599111
2018-05-04,22480,24956.093851369642,21900.30614863036
2018-05-08,22480,24804.17064477348,21841.529355226518
2018-05-09,22681,24656.00067071919,21819.09932928081
2018-05-10,23483,24458.470811802847,21906.22918819715
2018-05-11,23483,24291.8792733526,21982.420726647404
2018-05-14,22681,24147.124518573295,21986.675481426708
2018-05-15,22982,23949.8242815912,22063.5757184088
2018-05-16,23483,23949.8242815912,22063.5757184088
2018-05-17,23383,23898.162408833454,22085.13759116655
2018-05-18,22781,23711.265221028665,22151.634778971336
2018-05-21,22781,23653.77045216935,22148.92954783065
2018-05-23,22580,23636.745648626325,22115.754351373675
2018-05-24,22681,23610.20013169918,22182.499868300816
2018-05-25,22480,23597.69064766272,22134.80935233728
2018-05-28,21677,23678.651188012263,21903.348811987737
2018-05-29,21677,23746.783547318406,21714.816452681593
2018-05-30,20874,23946.64960743091,21324.25039256909
2018-05-31,20774,24108.78843705133,21011.61156294867
2018-06-01,20974,24147.377597436367,20772.22240256363
2018-06-04,21677,24119.9349711233,20689.265028876696
2018-06-05,22379,24114.544979277798,20684.5550207222
2018-06-07,22379,24109.092294641145,20679.907705358855
2018-06-08,22681,24109.092294641145,20679.907705358855
2018-06-11,22881,24018.60719124892,20710.192808751082
2018-06-12,22881,23923.43390512623,20745.16609487377
2018-06-14,22480,23906.68009324289,20741.81990675711
2018-06-15,21978,23832.13633974692,20715.963660253077
2018-06-18,21577,23656.581537297905,20700.918462702095
2018-06-19,21376,23482.65824585557,20674.14175414443
2018-06-20,21677,23397.647655567675,20648.752344432327
2018-06-21,21476,23304.54578196308,20611.354218036922
2018-06-22,22881,23355.127726598497,20590.872273401503
2018-06-25,22881,23389.37765385543,20576.62234614457
2018-06-26,22480,23389.37765385543,20576.62234614457
2018-06-27,22279,23417.669670004118,20608.53032999588
2018-06-28,22379,23452.490808089602,20643.9091919104
2018-06-29,22982,23502.143760389306,20805.05623961069
2018-07-02,22379,23417.681117934557,21050.01888206544
2018-07-03,22881,23386.17335523887,21272.226644761133
2018-07-04,23483,23548.027032533373,21290.972967466627
2018-07-05,23383,23677.19973956656,21262.20026043344
2018-07-06,22982,23727.7543808138,21271.945619186197
2018-07-09,23584,23863.97919061061,21226.02080938939
2018-07-10,23483,23952.54475865951,21197.655241340486
2018-07-11,23383,24018.795242892968,21181.604757107034
2018-07-12,23584,24138.741377467075,21172.058622532928
2018-07-13,23684,24255.89032676309,21225.509673236913
2018-07-16,23383,24267.393729925418,21394.606270074582
2018-07-17,22881,24168.874814049388,21643.625185950612
2018-07-18,22681,24086.12931639707,21826.770683602932
2018-07-19,22881,23918.427147317925,22134.972852682076
2018-07-20,23082,23926.090589544372,22147.409410455628
2018-07-23,23182,23940.229862765336,22163.370137234662
2018-07-24,23483,23967.41476105742,22236.485238942583
2018-07-25,23684,23982.751884764526,22361.648115235475
2018-07-26,23584,23970.660489167127,22494.239510832875
2018-07-27,23985,24082.842173871555,22482.357826128442
2018-07-30,23383,24011.037219795813,22654.562780204185
2018-07-31,22580,24049.450506750894,22586.049493249106
2018-08-01,22580,24069.868864377528,22475.33113562247
2018-08-02,22279,24127.390260214248,22307.409739785755
2018-08-03,22681,24138.318122489418,22266.38187751058
2018-08-06,22781,24098.127482571253,22226.272517428748
2018-08-07,24086,24207.30393206347,22177.396067936526
2018-08-08,23885,24276.142435830534,22158.757564169468
2018-08-09,25189,24670.19601284074,21925.20398715926
2018-08-10,25691,25134.65557895069,21661.44442104931
2018-08-13,24888,25333.210478887147,21613.38952111285
2018-08-14,25591,25670.896388578865,21546.703611421133
2018-08-16,25591,25947.257445527666,21561.342554472332
2018-08-17,25491,26167.730489755024,21601.869510244975
2018-08-20,24989,26281.127025892412,21679.17297410759
2018-08-21,24888,26368.330528016217,21762.569471983785
2018-08-22,24989,26461.855623574662,21819.644376425338
2018-08-23,25189,26572.077471695702,21859.922528304298
2018-08-24,24888,26635.808882484333,21926.59111751567
2018-08-27,25691,26798.26994237366,21934.73005762634
2018-08-28,25189,26868.844391666295,22044.755608333704
2018-08-29,25390,26872.520299339536,22322.079700660463
2018-08-30,25390,26828.030367560965,22647.569632439034
2018-08-31,25089,26621.61131984367,23134.98868015633
2018-09-03,24387,26392.888729992836,23534.31127000716
2018-09-04,24487,26077.08161410291,24020.718385897093
2018-09-05,24286,26050.903586581113,24066.89641341889
2018-09-06,24086,26013.832164750438,24124.067835249563
2018-09-07,24086,26053.208657793006,23974.391342206993
2018-09-10,23885,26027.012764336218,23819.987235663782
2018-09-11,23383,26149.496022290426,23547.003977709574
2018-09-12,24086,26067.440907557484,23478.559092442516
2018-09-13,24286,25959.43398147218,23456.06601852782
2018-09-14,24086,25861.494926030224,23413.505073969776
2018-09-17,24387,25824.588719528627,23390.211280471376
2018-09-18,24186,25795.888871441777,23348.71112855822
2018-09-19,23483,25795.67057530317,23198.32942469683
2018-09-20,23584,25733.6038063767,23099.8961936233
2018-09-21,23784,25687.751457269424,23035.348542730575
2018-09-27,24186,25456.498201835628,23116.10179816437
2018-09-28,23885,25322.833734190353,23119.366265809644
2018-10-01,23985,25108.516742386975,23193.183257613022
2018-10-02,23182,24900.775636024176,23180.124363975825
2018-10-04,22480,24884.513535862563,22935.486464137437
2018-10-05,21878,25090.222236617636,22478.877763382363
2018-10-08,21577,25232.07036528443,22046.029634715567
2018-10-10,20874,25452.545230630567,21484.354769369435
2018-10-11,19770,25809.98342000082,20695.316579999184
2018-10-12,20272,25909.93192446963,20213.96807553037
2018-10-15,19931,26005.519798563775,19722.980201436225
2018-10-16,20172,26054.570058263813,19352.82994173619
2018-10-17,20172,25974.14756572321,19041.85243427679
2018-10-18,20172,25812.18715368165,18792.412846318348
2018-10-19,20272,25627.8753858983,18595.324614101697
2018-10-22,20573,25329.63274183585,18512.167258164154
2018-10-23,20172,25038.880562163948,18401.519437836054
2018-10-24,19911,24845.268608332986,18237.93139166701
2018-10-25,18907,24664.395498112757,17951.104501887243
2018-10-26,18245,24440.790745472954,17620.809254527045
2018-10-29,17582,24103.121319009842,17298.078680990155
2018-10-30,18164,23647.56758830918,17181.53241169082
2018-10-31,18385,23016.503757984094,17252.596242015905
2018-11-01,18686,22474.799204411756,17344.700795588244
2018-11-02,19710,22033.181533702704,17509.318466297296
2018-11-05,19168,21680.558458408694,17590.941541591306
2018-11-06,19389,21356.734748165418,17695.96525183458
2018-11-07,19188,21163.136251241154,17720.963748758844
2018-11-08,20071,21195.438698752274,17718.761301247723
2018-11-09,20172,21181.1199109994,17723.080089000596
2018-11-12,20272,21224.577586238498,17713.722413761505
2018-11-13,20372,21253.61143349135,17704.688566508652
2018-11-14,20673,21333.152832404023,17675.24716759598
2018-11-15,20874,21447.44488029901,17631.15511970099
2018-11-16,20573,21491.357271132933,17617.342728867065
2018-11-19,21476,21673.718026402585,17525.281973597415
2018-11-20,21476,21891.086366431573,17438.31363356843
2018-11-21,21577,22132.256785888094,17363.743214111906
2018-11-22,21376,22326.971681092753,17415.92831890725
2018-11-23,21677,22499.674854080287,17586.42514591971
2018-11-26,22580,22712.024418472083,17873.87558152792
2018-11-27,22179,22833.982043281547,18153.417956718455
2018-11-28,22480,22977.678445168218,18419.221554831784
2018-11-29,22480,23092.448888416555,18683.851111583448
2018-11-30,22580,23286.114975624278,18777.185024375725
2018-12-03,22781,23416.447010093936,19008.152989906062
2018-12-04,22781,23516.224387124523,19247.57561287548
2018-12-05,22982,23553.90428382854,19589.29571617146
2018-12-06,23283,23723.04807107575,19741.35192892425
2018-12-07,22982,23795.389027049776,19950.010972950226
2018-12-10,22279,23747.780161846917,20198.319838153082
2018-12-11,21476,23655.884754709303,20400.615245290697
2018-12-12,22078,23595.91862093289,20601.08137906711
2018-12-13,22379,23559.145687349675,20788.354312650325
2018-12-14,22078,23414.313782003406,21083.686217996594
2018-12-17,22179,23392.297106898306,21176.002893101697
2018-12-18,21777,23368.633416150682,21229.76658384932
2018-12-19,21677,23360.267900528695,21248.132099471306
2018-12-20,20673,23489.24195642615,21048.858043573848
2018-12-21,20974,23561.663913701184,20906.13608629882
2018-12-24,20272,23697.104913740288,20539.895086259712
2018-12-26,19770,23893.118222629946,20102.981777370052
2018-12-27,20372,23905.6695465364,19879.630453463604
2018-12-28,20673,23865.893197365047,19738.70680263495
2019-01-02,20473,23807.960182228984,19585.939817771017
2019-01-03,20573,23689.783848399504,19483.316151600495
2019-01-04,20774,23540.422311548566,19431.977688451436
2019-01-07,20673,23328.272158240045,19413.227841759955
2019-01-08,20051,23030.903958198334,19387.39604180167
2019-01-09,20473,22728.36641634509,19439.033583654913
2019-01-10,20272,22564.629864706774,19402.070135293223
2019-01-11,20473,22512.31175565343,19354.08824434657
2019-01-14,20071,22359.869149916358,19305.83085008364
2019-01-15,20051,22094.909930120608,19337.990069879394
2019-01-16,20071,21863.168630197146,19369.03136980285
2019-01-17,19770,21558.928994927184,19432.37100507282
2019-01-18,19991,21303.537951910497,19509.1620480895
2019-01-21,19830,21020.44432119459,19607.55567880541
2019-01-22,20473,20994.530231054887,19613.469768945113
2019-01-23,20573,20913.13041091121,19654.76958908879
2019-01-24,20473,20928.773063469125,19659.226936530875
2019-01-25,20573,20929.74338832063,19738.556611679374
2019-01-28,20473,20937.84956799774,19740.550432002263
2019-01-29,20473,20910.811409430444,19747.588590569558
2019-01-30,20051,20898.30135725528,19717.898642744716
2019-01-31,19931,20875.302752767246,19676.697247232754
2019-02-01,19991,20800.409094179384,19673.290905820613
2019-02-07,19870,20743.596738064847,19649.803261935154
2019-02-08,19710,20765.543927889295,19593.756072110707
2019-02-11,19188,20832.894881698714,19397.90511830129
2019-02-12,19268,20871.55073993279,19258.84926006721
2019-02-13,19690,20825.033162987507,19227.06683701249
2019-02-14,20172,20832.552339588736,19229.64766041126
2019-02-15,20372,20863.00764367169,19231.29235632831
2019-02-18,20473,20905.093315336057,19229.406684663943
2019-02-19,20071,20908.392667161213,19256.207332838785
2019-02-20,20011,20908.975634030863,19257.624365969135
2019-02-21,19850,20908.731440448923,19259.868559551076
2019-02-22,19931,20863.26114434436,19251.13885565564
2019-02-25,19730,20795.295163900522,19234.804836099476
2019-02-26,20774,20857.71213900731,19202.487860992685
2019-02-27,21075,20977.20573123042,19133.19426876958
2019-02-28,20774,21030.023630109372,19110.476369890628
2019-03-04,21777,21352.980109862485,18917.919890137517
2019-03-05,21376,21538.25914867074,18865.140851329263
2019-03-06,21175,21661.794040107885,18866.005959892118
2019-03-07,20974,21739.378739696753,18886.721260303246
2019-03-08,21577,21914.561968851023,18882.23803114898
2019-03-11,21275,22004.711761634382,18948.58823836562
2019-03-12,20774,21962.1879038079,19149.712096192103
2019-03-13,20874,21909.995223636823,19362.504776363177
2019-03-14,21376,21953.111641460902,19487.988358539096
2019-03-15,21577,22051.554761411535,19530.045238588464
2019-03-18,21577,22142.336828588068,19559.76317141193
2019-03-19,20573,22141.93637870855,19570.16362129145
2019-03-20,20473,22122.321953160128,19629.978046839875
2019-03-21,20573,22092.270002490117,19716.229997509883
2019-03-22,20874,22035.523384446777,19875.376615553225
2019-03-25,20473,21978.301496160613,19986.798503839385
2019-03-26,20874,21845.935266679677,20233.564733320323
2019-03-27,20573,21854.627709751978,20204.772290248024
2019-03-28,20573,21853.912390609574,20155.287609390423
2019-03-29,20774,21853.912390609574,20155.287609390423
2019-04-01,20673,21727.89257847309,20170.907421526914
2019-04-02,20774,21674.54805266446,20164.051947335538
2019-04-03,20573,21649.507306291885,20128.892693708116
2019-04-04,20573,21641.101805150105,20097.198194849898
2019-04-05,20573,21524.8384584623,20113.0615415377
2019-04-08,20473,21466.540651077758,20091.15934892224
2019-04-09,20172,21488.093343074223,20009.406656925777
2019-04-10,20573,21474.560978507092,19992.83902149291
2019-04-11,20573,21372.27805964404,20014.82194035596
2019-04-12,20573,21180.758704609685,20105.941295390312
2019-04-15,22179,21446.7187896543,19900.1812103457
2019-04-16,23584,22335.23107710961,19312.76892289039
2019-04-17,23584,22918.547296488654,19040.552703511345
2019-04-18,23383,23324.118436706325,18915.981563293673
2019-04-19,23483,23689.5574970027,18811.4425029973
2019-04-22,23684,24049.217104958498,18772.8828950415
2019-04-23,23383,24302.650926354043,18770.349073645957
2019-04-24,23684,24577.38734048932,18806.71265951068
2019-04-25,23283,24745.95652086949,18909.143479130507
2019-04-26,23082,24868.465445362337,19017.434554637664
2019-04-29,23985,25105.470206865168,19111.62979313483
2019-04-30,24086,25326.08945411437,19222.21054588563
2019-05-02,24688,25602.96151413219,19356.838485867815
2019-05-03,25691,26034.743601247457,19436.85639875254
2019-05-07,25591,26355.59281203015,19617.80718796985
2019-05-08,25792,26625.803032245713,19879.49696775429
2019-05-09,25390,26684.561824240773,20342.538175759226
2019-05-10,26093,26841.58845426576,20737.51154573424
2019-05-13,25792,26824.35056327294,21276.64943672706
2019-05-14,26896,26902.81040294673,21830.489597053274
2019-05-15,26494,27068.63006938135,22096.169930618653
2019-05-16,26795,27368.518006717022,22117.38199328298
2019-05-17,24989,27382.791784086214,22243.608215913788
2019-05-20,25390,27403.493265048255,22423.606734951743
2019-05-21,25089,27391.413699829085,22596.286300170912
2019-05-22,25189,27386.703380990853,22751.496619009144
2019-05-23,24888,27325.137812743786,22963.56218725621
2019-05-24,24888,27279.50496209873,23129.59503790127
2019-05-27,24487,27167.704697030036,23361.795302969964
2019-05-28,24688,26976.333314643078,23713.76668535692
2019-05-29,24387,26934.60840809439,23795.691591905612
2019-05-30,24989,26873.151735481533,23947.448264518465
2019-05-31,24989,26862.88726176009,23987.812738239907
2019-06-03,24587,26848.930333141318,23891.369666858685
2019-06-04,23985,26887.754058117596,23691.9459418824
2019-06-05,24186,26861.695714868758,23557.40428513124
2019-06-07,24086,26867.89057561485,23420.80942438515
2019-06-10,24888,26751.337854404457,23416.86214559554
2019-06-11,24989,26677.748992339544,23410.151007660457
2019-06-12,24888,26325.52409907986,23561.57590092014
2019-06-13,25390,26085.38849913957,23691.311500860425
2019-06-14,25089,25606.42511065648,23999.674889343518
2019-06-17,24387,25591.948740440643,23953.95125955936
2019-06-18,24286,25510.01972414117,23925.48027585883
2019-06-19,24487,25466.15498426636,23909.145015733644
2019-06-20,24487,25398.500605110283,23906.599394889716
2019-06-21,25390,25487.9646302525,23867.335369747503
2019-06-24,25290,25548.946278930074,23846.553721069926
2019-06-25,26193,25857.8696372568,23708.230362743197
2019-06-26,25992,26049.554707391624,23646.945292608376
2019-06-27,26394,26312.0376676935,23585.162332306496
2019-06-28,26394,26528.044176757645,23509.655823242352
2019-07-01,25992,26639.433932657917,23498.566067342083
2019-07-02,26394,26818.44211381001,23500.257886189986
2019-07-03,26293,26910.824103971314,23638.675896028686
2019-07-04,26594,27048.19367121644,23742.106328783564
2019-07-05,26795,27175.905973784138,23885.29402621586
2019-07-08,25691,27188.99815935768,23952.50184064232
2019-07-09,26293,27260.572705997758,24011.327294002243
2019-07-10,26293,27316.085854077635,24096.314145922366
2019-07-11,26193,27363.070563037643,24129.629436962354
2019-07-12,26394,27421.939669955682,24201.260330044315
2019-07-15,26695,27435.030294265493,24418.969705734507
2019-07-16,26695,27377.983486198737,24716.916513801265
2019-07-17,26293,27249.52674301868,25025.97325698132
2019-07-18,26394,27031.793907511623,25434.406092488374
2019-07-19,27096,27102.228498965775,25534.57150103423
2019-07-22,26896,27058.108379176207,25739.291620823795
2019-07-23,27297,27217.4211781445,25690.378821855502
2019-07-24,27297,27337.543361861113,25700.75663813889
2019-07-25,26293,27336.979130346237,25691.22086965376
2019-07-26,26293,27336.260779478664,25681.839220521335
2019-07-29,25892,27345.506000038913,25662.593999961086
2019-07-30,25290,27450.332537883558,25447.36746211644
2019-07-31,25491,27496.976151999763,25320.523848000237
2019-08-01,25390,27523.389290241947,25173.710709758052
2019-08-02,25792,27478.61450325171,25118.185496748294
2019-08-05,24587,27628.485013425943,24857.91498657406
2019-08-06,24487,27744.58866302473,24561.211336975273
2019-08-07,24788,27779.9128005413,24375.387199458703
2019-08-08,25491,27763.643957495566,24321.456042504433
2019-08-09,26494,27773.517063783256,24321.582936216742
2019-08-12,26093,27716.66498593394,24318.23501406606
2019-08-13,26394,27681.560868128505,24323.239131871498
2019-08-14,26193,27673.510208661824,24321.28979133818
2019-08-16,25992,27642.993988450256,24311.606011549742
2019-08-19,26193,27517.166324007376,24347.133675992627
2019-08-20,26494,27455.245792060425,24368.854207939574
2019-08-21,26394,27287.450063958306,24446.349936041697
2019-08-22,26695,27151.315335940388,24522.28466405961
2019-08-23,26695,27212.440195292656,24501.359804707346
2019-08-26,26594,27254.295600020545,24489.604399979457
2019-08-27,26896,27378.501067421716,24465.798932578287
2019-08-28,26795,27471.638772348688,24523.161227651315
2019-08-29,26695,27543.057845422663,24572.142154577334
2019-08-30,26996,27644.88177266991,24630.918227330094
2019-09-02,27498,27837.082223577792,24609.31777642221
2019-09-03,27598,27904.59385054071,24842.90614945929
2019-09-04,27799,27920.01258311817,25158.68741688183
2019-09-05,27096,27781.541228970877,25527.958771029123
2019-09-06,27297,27763.40439493612,25726.69560506388
2019-09-09,26695,27766.96911989198,25743.230880108018
2019-09-10,27197,27790.02973717053,25830.570262829468
2019-09-11,26695,27787.238772430483,25863.461227569514
2019-09-16,26494,27769.48996788393,25911.310032116075
2019-09-17,26494,27722.403728549194,26008.596271450806
2019-09-18,27498,27770.611862076097,26090.888137923903
2019-09-19,27197,27787.442297979804,26144.3577020202
2019-09-20,27197,27787.414925863664,26224.685074136334
2019-09-23,26996,27788.7130878464,26253.486912153596
2019-09-24,27698,27879.15746604158,26263.34253395842
2019-09-25,27297,27887.61077417412,26325.18922582588
2019-09-26,27397,27916.37493104114,26346.52506895886
2019-09-27,27197,27920.626951869093,26382.473048130905
2019-09-30,27197,27915.14841249977,26438.151587500233
2019-10-01,27598,27963.10354445659,26450.39645554341
2019-10-02,27197,27935.52711630384,26447.87288369616
2019-10-04,26795,27889.702023994945,26413.397976005053
2019-10-07,26996,27785.88050964891,26436.919490351094
2019-10-08,26996,27782.84096486603,26429.959035133972
2019-10-10,27397,27795.21111581107,26427.588884188932
2019-10-11,27096,27786.775865104682,26476.12413489532
2019-10-14,26996,27778.655345718238,26464.144654281765
2019-10-15,26896,27767.042545749275,26495.857454250727
2019-10-16,26494,27767.042545749275,26495.857454250727
2019-10-17,26193,27825.54489648593,26407.25510351407
2019-10-18,26594,27793.05917856998,26349.34082143002
2019-10-21,26795,27780.55744798622,26321.64255201378
2019-10-22,27297,27791.117908841206,26321.08209115879
2019-10-23,28100,27980.82717944351,26241.77282055649
2019-10-24,28000,28047.76955269484,26205.030447305162
2019-10-25,28100,28184.17685230286,26148.92314769714
2019-10-28,28100,28298.340055135606,26105.059944864395
2019-10-29,28000,28395.102841223892,26088.597158776105
2019-10-30,27698,28437.682356510937,26096.117643489066
2019-10-31,28401,28576.5537530267,26037.5462469733
2019-11-01,29204,28931.949617704722,25882.85038229528
2019-11-04,29405,29273.894288130738,25801.905711869265
2019-11-05,29806,29666.29911848279,25690.50088151721
2019-11-06,30308,30123.032019821112,25564.967980178888
2019-11-07,30308,30507.66244889195,25471.437551108047
2019-11-08,30508,30877.784441549527,25442.515558450476
2019-11-11,30910,31276.61992553268,25435.080074467318
2019-11-12,30810,31582.876996200866,25520.223003799132
2019-11-13,30810,31796.443056901662,25738.256943098335
2019-11-14,31010,31939.885313765582,26076.51468623442
2019-11-15,31211,32096.48097536035,26381.619024639647
2019-11-18,31612,32281.42844749196,26678.371552508044
2019-11-19,31412,32415.6765874937,26955.623412506302
2019-11-20,31412,32578.094937980688,27124.405062019312
2019-11-21,30910,32616.107725614864,27377.392274385136
2019-11-22,30709,32604.85641388482,27649.543586115182
2019-11-25,31412,32639.21564048149,27946.38435951851
2019-11-26,31612,32624.675988558603,28322.1240114414
2019-11-27,31612,32434.888316573866,28903.31168342613
2019-11-28,31512,32267.806376252138,29381.493623747865
2019-11-29,31211,32157.386132244585,29692.613867755415
2019-12-02,31412,32045.10750987613,30005.59249012387
2019-12-03,31512,31974.429034854416,30246.870965145587
2019-12-04,31311,31940.76426368967,30380.835736310328
2019-12-05,30007,32002.806375963883,30288.693624036117
2019-12-06,30810,31980.41786431138,30341.282135688616
2019-12-09,30408,32016.15561824251,30255.34438175749
2019-12-10,30007,32102.68174549371,30088.518254506285
2019-12-11,30107,32154.79594260986,29966.10405739014
2019-12-12,30007,32201.97976977274,29818.620230227258
2019-12-13,30308,32192.698052441956,29737.601947558047
2019-12-16,30408,32116.922984761164,29692.977015238837
2019-12-17,30207,32070.27021744825,29619.12978255175
2019-12-18,30308,32006.907340038808,29572.092659961192
2019-12-19,30107,32002.466414133116,29496.23358586688
2019-12-20,30107,32004.944057903256,29433.555942096744
2019-12-23,29806,31942.948300774384,29334.951699225618
2019-12-24,29405,31859.14945516242,29198.050544837577
2019-12-26,29706,31709.024124607946,29157.575875392053
2019-12-27,30810,31584.4511671566,29211.9488328434
2019-12-30,30810,31519.253487166046,29237.046512833957
2020-01-02,30609,31377.965788911693,29298.034211088307
2020-01-03,30609,31186.294729242938,29399.40527075706
2020-01-06,31010,31106.851607816134,29448.748392183865
2020-01-07,32114,31538.560754029826,29227.739245970177
2020-01-08,32014,31800.29056418779,29086.409435812206
2020-01-09,32917,32318.931255228516,28818.668744771483
2020-01-10,33118,32788.986710748366,28659.71328925163
2020-01-13,33519,33283.290227460624,28506.609772539377
2020-01-14,33519,33689.319455900855,28451.780544099143
2020-01-15,34121,34183.78332734321,28338.61667265679
2020-01-16,34422,34674.676788813405,28249.123211186594
2020-01-17,33820,34962.73905454133,28322.36094545867
2020-01-20,33820,35211.825869210916,28424.474130789087
2020-01-21,33118,35309.49064704296,28627.909352957042
2020-01-22,33318,35401.24754696878,28857.252453031222
2020-01-23,33218,35413.79644006287,29185.903559937127
2020-01-28,32616,35261.28011731674,29659.519882683264
2020-01-29,32817,35100.42571298701,30131.474287012992
2020-01-30,32516,35037.371651032394,30365.12834896761
2020-01-31,31913,34952.40770778083,30560.392292219167
2020-02-03,32014,34813.330201002136,30839.969798997867
2020-02-04,33017,34637.64970362472,31256.45029637529
2020-02-05,32716,34463.71332141632,31600.986678583675
2020-02-06,33318,34461.18765917298,31723.912340827024
2020-02-07,33620,34461.139322686715,31884.560677313282
2020-02-10,33921,34547.11017910666,31898.98982089334
2020-02-11,34121,34655.21768592581,31891.18231407418
2020-02-12,34523,34811.85046944842,31834.94953055158
2020-02-13,35928,35334.495701452885,31553.204298547113
2020-02-14,36129,35769.888441815165,31318.611558184835
2020-02-17,36229,36139.464353928204,31129.735646071793
2020-02-18,36530,36590.510712906,30949.689287094003
2020-02-19,38136,37416.78461202849,30555.015387971514
2020-02-20,38236,38132.74785367284,30350.852146327168
2020-02-21,38035,38691.28607326214,30264.01392673786
2020-02-24,36831,38953.55594360265,30363.044056397353
2020-02-25,37232,39218.22734125982,30559.972658740175
2020-02-26,36931,39400.2650509863,30789.334949013708
2020-02-27,35827,39399.72855874923,31120.971441250767
2020-02-28,34523,39240.30624458165,31541.39375541835
2020-03-02,35125,39057.90388535217,32034.89611464783
2020-03-03,35125,38964.5556727549,32339.044327245112
2020-03-04,36028,38829.73606848157,32805.06393151843
2020-03-05,36028,38726.17273128818,33179.627268711825
2020-03-06,35225,38607.96987310737,33458.33012689263
2020-03-09,33620,38647.834739474936,33388.36526052506
2020-03-10,34724,38599.04652162577,33497.45347837423
2020-03-11,33921,38657.40262746488,33378.897372535124
2020-03-12,32315,38954.15687961708,32720.84312038292
2020-03-13,31913,39197.5574290986,32055.842570901394
2020-03-16,29605,39750.45808947163,30840.541910528373
2020-03-17,29605,40032.38234862968,29866.117651370318
2020-03-18,28301,40113.22099736199,28801.77900263801
2020-03-19,26896,40188.51213416635,27592.487865833653
2020-03-20,30007,39697.59668726583,27280.60331273417
2020-03-23,28802,39423.31623506215,26751.983764937853
2020-03-24,31010,38861.44925445306,26691.650745546944
2020-03-25,31010,38283.98038952319,26677.01961047681
2020-03-26,30207,37863.278671709064,26535.721328290936
2020-03-27,30609,37599.61451105257,26407.98548894743
2020-03-30,30709,37206.08865189543,26359.91134810457
2020-03-31,31211,36780.19454219099,26394.405457809007
2020-04-01,30207,36077.36283566594,26515.13716433406
2020-04-02,31512,35306.08372378992,26834.816276210084
2020-04-03,31612,34662.22402037136,27117.375979628636
2020-04-06,32215,34426.60685391422,27212.493146085777
2020-04-07,32114,33864.3443319853,27513.755668014695
2020-04-08,31713,33416.40510052003,27740.894899479972
2020-04-09,31713,33320.77217344651,27776.327826553486
2020-04-10,32315,33387.95624351772,27749.343756482285
2020-04-13,31612,33486.7584222777,27851.241577722296
2020-04-14,32014,33621.61996776622,27957.280032233775
2020-04-16,33218,33811.03183142773,28259.568168572267
2020-04-17,34523,33875.53098425646,28957.769015743543
2020-04-20,35125,34544.33671506839,28800.76328493161
2020-04-21,35225,34949.1980771795,29038.2019228205
2020-04-22,35526,35527.57200965364,28911.427990346365
2020-04-23,37232,36469.808277386815,28591.39172261318
2020-04-24,36731,37057.6415998904,28655.958400109612
2020-04-27,36931,37606.54409463547,28739.25590536453
2020-04-28,37132,38103.25413155211,28884.845868447894
2020-04-29,36931,38501.267749914376,29058.83225008563
2020-05-04,37433,38817.0118343797,29465.688165620297
2020-05-06,40043,39761.432573256374,29374.36742674363
2020-05-07,41347,40869.35094357046,29239.94905642954
2020-05-08,41347,41801.784806985495,29220.715193014505
2020-05-11,41648,42629.6835871071,29346.216412892893
2020-05-12,43053,43584.88483461609,29525.015165383906
2020-05-13,43455,44426.02527308741,29858.074726912593
2020-05-14,45161,45527.18460334381,30041.515396656185
2020-05-15,44458,46144.82104800855,30708.478951991452
2020-05-18,44358,46574.816199981564,31512.88380001843
2020-05-19,44157,46926.63971012408,32254.960289875926
2020-05-20,46465,47728.115630031425,32647.684369968574
2020-05-21,47670,48662.919492698435,32967.38050730157
2020-05-22,49577,49839.52341564999,33225.97658435001
2020-05-25,53792,51908.30330847184,32983.796691528165
2020-05-26,54193,53774.240314448485,32813.95968555151
2020-05-27,52286,54806.84395778528,33336.85604221472
2020-05-28,53591,55889.386025465035,33920.31397453496
2020-05-29,52888,56589.641961087356,34795.65803891265
2020-06-01,52989,57034.83295723358,35956.26704276643
2020-06-02,52086,57133.021826288896,37323.3781737111
2020-06-03,50078,57104.723574248266,38355.17642575173
2020-06-04,50982,57187.13337408475,39236.26662591525
2020-06-05,50379,57075.65497661829,40250.94502338172
2020-06-08,51483,56969.29562746262,41340.80437253739
2020-06-09,51082,56859.00778842467,42253.99221157533
2020-06-10,52587,56835.46880917648,43190.73119082352
2020-06-11,53189,56974.48120985779,43854.51879014221
2020-06-12,53390,56909.903375353446,44812.29662464655
2020-06-15,50681,56399.393454862286,45955.106545137714
2020-06-16,52788,55690.13397181325,47527.466028186755
2020-06-17,52788,55235.37789252118,48614.52210747881
2020-06-18,52888,54842.17989985157,49529.520100148424
2020-06-19,52888,54720.286071776354,49982.51392822365
2020-06-22,54996,54986.83839673211,49836.361603267884
2020-06-23,56501,55597.56531740077,49456.43468259923
2020-06-24,56702,56336.737834367,49158.86216563301
2020-06-25,55096,56546.999825825624,49099.10017417438
2020-06-26,55096,56793.921227031795,49072.9787729682
2020-06-29,53691,56843.88460558785,49093.21539441215
2020-06-30,53691,56913.642209620826,49183.95779037918
2020-07-01,54093,56874.3030572881,49624.7969427119
2020-07-02,57304,57451.05758682963,49680.242413170374
2020-07-03,59010,58288.42392551953,49705.976074480466
2020-07-06,60315,59405.26749818525,49472.33250181476
2020-07-07,62322,60835.76544345552,49165.83455654448
2020-07-08,65835,63125.390833938094,48201.0091660619
2020-07-09,71354,66708.21544434609,46434.684555653905
2020-07-10,71354,69437.57608820077,45501.72391179923
2020-07-13,70652,71348.98945929721,45587.41054070278
2020-07-14,68845,72653.02487549678,45889.07512450324
2020-07-15,67741,73545.65126657988,46491.74873342012
2020-07-16,64630,73845.85825396652,47365.74174603348
2020-07-17,65232,74093.93420729153,48352.06579270847
2020-07-20,62222,74120.57341756737,49048.026582432634
2020-07-21,63426,74256.4351028406,49604.66489715942
2020-07-22,63827,74386.17678429876,50187.423215701245
2020-07-23,66136,74558.24420453311,51119.355795466894
2020-07-24,65132,74510.69417856008,52170.505821439925
2020-07-27,65534,74165.26432547542,53700.23567452458
2020-07-28,66136,73611.11309674631,55498.8869032537
2020-07-29,66537,72803.95138402267,57550.44861597732
2020-07-30,66637,72325.85005592459,58961.84994407542
2020-07-31,68946,72193.80692406668,60087.493075933315
2020-08-03,73462,73039.88153144866,60556.11846855134
2020-08-04,74265,74101.86155673715,60688.43844326284
2020-08-05,74365,75165.27022510252,60478.02977489746
2020-08-06,73060,75459.97508863054,60353.92491136946
2020-08-07,70853,75389.97845345043,60373.82154654957
2020-08-10,71455,75500.7563046829,60343.34369531711
2020-08-11,70752,75692.37226876582,60342.427731234166
2020-08-12,71053,75974.89457401987,60391.105425980124
2020-08-13,72358,76385.85251073915,60752.94748926084
2020-08-14,72759,76810.2891975298,61081.2108024702
2020-08-18,75870,77404.16127016244,61852.13872983755
2020-08-19,75569,77867.22160668173,62603.378393318264
2020-08-20,73161,77807.3251194186,63596.6748805814
2020-08-21,74265,78041.95970516291,64174.94029483708
2020-08-24,76272,78363.2691100976,64967.6308899024
2020-08-25,76473,78580.46970340134,65844.33029659865
2020-08-26,78681,79158.79015719905,66520.50984280094
2020-08-27,82394,80570.79590787776,66694.20409212224
2020-08-28,81390,81313.8938491145,67426.4061508855
2020-08-31,81691,82190.35773707752,67824.44226292247
2020-09-01,80587,82920.88539746129,67806.4146025387
2020-09-02,82695,83996.432335268,67573.867664732
2020-09-03,82293,84856.52459362336,67506.57540637665
2020-09-04,80688,85330.31560024913,67795.58439975086
2020-09-07,78681,85338.99198212613,68569.70801787388
2020-09-08,78279,85283.95012900353,69307.14987099648
2020-09-09,77075,84986.63091064947,70236.76908935052
2020-09-10,77376,84630.41228381597,71225.28771618404
2020-09-11,76071,84356.40696458246,71870.59303541754
2020-09-14,74967,84137.52376746856,72310.27623253143
2020-09-15,76473,84123.12361021452,72384.97638978549
2020-09-16,75670,84118.61192147486,72399.58807852515
2020-09-17,74465,83970.08054274636,72678.51945725364
2020-09-18,74867,83914.83100942161,72793.96899057837
2020-09-21,73161,84163.89668971984,72233.80331028017
2020-09-22,70853,84698.89476580126,71136.80523419875
2020-09-23,73362,84718.14268208474,70585.65731791525
2020-09-24,70652,84417.46999409847,69712.13000590153
2020-09-25,70551,84126.74623880659,68918.95376119342
2020-09-28,74064,83411.7565364142,68871.2434635858
2020-09-29,73161,82840.26482811116,68700.13517188883
2020-10-05,74365,81644.62774013412,69062.77225986587
2020-10-06,76573,80490.49407879947,69644.90592120052
2020-10-07,76372,79639.24819025592,70064.55180974407
2020-10-08,76071,79201.70616435145,70241.09383564854
2020-10-12,74566,78691.29781365691,70380.20218634309
2020-10-13,74666,78396.96202271963,70433.63797728038
2020-10-14,73964,77976.79674946646,70512.60325053353
2020-10-15,72659,77766.41291939709,70381.78708060292
2020-10-16,71756,77719.87080817508,70107.22919182492
2020-10-19,70853,77472.92643303076,69792.17356696924
2020-10-20,70752,77306.70269970068,69466.59730029931
2020-10-21,70953,77240.81998037684,69181.28001962317
2020-10-22,70050,77156.02473040781,68784.37526959219
2020-10-23,68243,77410.81009645983,68037.78990354018
2020-10-26,66136,77977.5294732056,66999.37052679439
2020-10-27,67039,78155.64298743373,66188.95701256627
2020-10-28,69548,78179.34842429803,66054.85157570198
2020-10-29,68845,78233.24318008305,65830.35681991695
2020-10-30,66236,78274.80148889094,65005.99851110905
2020-11-02,67139,78224.97923798588,64453.62076201412
2020-11-03,67541,77928.63687902948,64067.56312097053
2020-11-04,72157,77224.52883268938,64330.07116731062
2020-11-05,72860,76581.70831191185,64621.69168808814
2020-11-06,74365,76209.72082910899,64823.07917089099
2020-11-09,74566,76209.72082910899,64823.07917089099
2020-11-10,71455,75728.53527490364,64983.16472509637
2020-11-11,71354,75350.093907338,65100.60609266201
2020-11-12,71756,75230.02995440732,65130.370045592674
2020-11-13,73362,75464.55633288091,65056.44366711909
2020-11-16,72659,75659.7621386371,65041.8378613629
2020-11-17,72659,75853.04848930906,65039.25151069092
2020-11-18,73362,76126.21450386514,65006.985496134876
2020-11-19,73362,76422.78608026016,65041.61391973983
2020-11-20,73362,76667.80307595161,65308.49692404838
2020-11-23,73663,76675.98422115587,66053.01577884413
2020-11-24,74867,76875.52239150388,66636.27760849611
2020-11-25,73663,77038.23361188213,66885.06638811786
2020-11-26,75068,77307.73473955604,67237.86526044397
2020-11-27,74867,76983.48932689236,68425.21067310765
2020-11-30,73863,76445.99916119494,69635.10083880507
2020-12-01,75168,75782.03317198064,71061.76682801935
2020-12-02,74867,75922.92977487059,71191.8702251294
2020-12-03,75068,76101.40270943684,71234.19729056317
2020-12-04,78179,77013.07939476956,70703.92060523044
2020-12-07,77275,77490.53464791144,70497.36535208856
2020-12-08,75168,77498.34430280166,70860.85569719835
2020-12-09,75268,77444.72244524577,71305.87755475423
2020-12-10,74365,77317.39726956125,71694.10273043875
2020-12-11,75168,77368.76635575728,71823.33364424272
2020-12-14,74967,77332.69474047807,72090.20525952193
2020-12-15,74465,77243.57820853767,72359.92179146233
2020-12-16,74666,77214.73825146019,72519.1617485398
2020-12-17,74064,77174.89819925406,72629.20180074594
2020-12-18,73663,77150.657266597,72683.54273340301
2020-12-21,76172,77261.31916804408,72823.78083195593
2020-12-22,75469,77297.71631716896,72847.58368283103
2020-12-23,75770,77320.01489011728,73035.98510988272
2020-12-24,75068,77320.01489011728,73035.98510988272
2020-12-28,74867,77320.01489011728,73035.98510988272
2020-12-29,77175,77568.07622693996,73119.12377306006
2020-12-30,78179,78051.27628797291,72937.02371202708
2021-01-04,79483,78820.34505003806,72629.55494996194
2021-01-05,78881,79297.1009062483,72534.0990937517
2021-01-06,79383,79563.542500883,72388.057499117
2021-01-07,80788,80306.18849832748,71996.71150167251
2021-01-08,87111,83139.49149205093,70357.70850794908
2021-01-11,90924,86481.5645830213,68581.23541697868
2021-01-12,91827,89258.48677178651,67550.51322821349
2021-01-13,91225,91352.02015478117,67062.67984521884
2021-01-14,90623,92973.31961178713,67006.98038821286
2021-01-15,87813,93815.96965355107,67499.13034644893
2021-01-18,85806,94247.60048066611,68181.4995193339
2021-01-19,88315,94872.07177570104,68982.12822429897
2021-01-20,89118,95410.71762991716,69988.98237008286
2021-01-21,91125,96299.94156202531,70595.05843797469
2021-01-22,92931,97263.09788629903,71378.10211370098
2021-01-25,95039,98413.93407332526,72154.16592667474
2021-01-26,92530,98737.50943382474,73576.79056617524
2021-01-27,93333,98856.75569316882,75304.14430683118
2021-01-28,91928,98803.59077360021,76832.6092263998
2021-01-29,88516,98339.86377116435,78330.03622883564
2021-02-01,88616,97887.7913232675,79695.4086767325
2021-02-02,89419,97127.25992581155,81509.74007418845
2021-02-03,92731,96371.11344159691,83600.68655840307
2021-02-04,91225,95212.71874535314,85802.78125464686
2021-02-05,91326,95152.64462172004,86284.35537827996
2021-02-08,91727,95215.11507423852,86302.18492576147
2021-02-09,92530,95296.59406123662,86291.00593876338
2021-02-10,98250,96750.46912513542,85539.63087486458
2021-02-15,100759,98704.53908103124,84599.16091896877
2021-02-16,103168,100909.38520340844,83929.81479659157
2021-02-17,102164,102184.09675372131,84290.90324627869
2021-02-18,100559,103050.1021445296,84649.29785547039
2021-02-19,101161,103920.7973493771,84982.90265062291
2021-02-22,98451,104311.98550188512,85324.31449811487
2021-02-23,97749,104595.67441604176,85522.42558395825
2021-02-24,95039,104595.67441604176,85522.42558395825
2021-02-25,97247,104801.43793643375,85788.36206356624
2021-02-26,97949,105055.7916679753,85995.6083320247
2021-03-02,98652,105331.82215607485,86391.97784392514
2021-03-03,99053,105293.47051927111,87484.02948072889
2021-03-04,96745,104913.45707506569,88676.94292493431
2021-03-05,94537,104484.10477316589,89618.09522683412
2021-03-08,91125,104631.52478637914,89310.07521362086
2021-03-09,88516,105002.86378198773,88667.83621801228
2021-03-10,92329,104921.84230755651,88849.15769244349
2021-03-11,96143,104780.37694020738,89432.22305979262
2021-03-12,96544,104681.24351160397,89932.75648839603
2021-03-15,96143,104579.37100812279,89823.9289918772
2021-03-16,96143,104166.56177197053,89775.13822802948
2021-03-17,97347,103265.10087551546,90094.49912448454
2021-03-18,99956,102833.79672065045,90305.00327934953
2021-03-19,98853,102563.4881929033,90404.71180709671
2021-03-22,99154,102198.58825633873,90568.91174366127
2021-03-23,98451,102198.58825633873,90568.91174366127
2021-03-24,98752,102315.23593488413,90552.56406511586
2021-03-25,97347,102405.91472542947,90692.68527457054
2021-03-26,99354,102638.52799886288,90670.77200113711
2021-03-29,97849,102629.13969042565,90670.16030957433
2021-03-30,99053,102680.06921889,90659.33078111
2021-03-31,99956,102813.51999392072,90616.18000607929
2021-04-01,100157,103175.55643287172,90595.34356712828
2021-04-02,100559,103579.0186434825,90794.0813565175
2021-04-05,100759,103570.64337271992,91765.85662728008
2021-04-06,109189,105077.46238675308,92326.33761324691
2021-04-07,108788,106642.62100754175,92407.07899245826
2021-04-08,109992,108542.05362935661,91892.5463706434
2021-04-09,112000,110642.77046551378,91337.42953448623
2021-04-12,112000,112323.37864353656,91242.52135646343
2021-04-13,112000,113699.36316635106,91452.23683364895
2021-04-14,112000,114902.22826749338,91714.67173250661
2021-04-15,120500,118113.45230393542,90557.84769606456
2021-04-16,119000,120326.29492257476,90359.70507742524
2021-04-19,119000,122195.7944118866,90474.8055881134
2021-04-20,119500,123828.27575513556,90947.22424486444
2021-04-21,118000,124915.18044971582,91785.11955028417
2021-04-22,117500,125552.30449478439,93163.29550521562
2021-04-23,117500,126129.65782255767,94400.54217744234
2021-04-26,118000,126357.43441867523,96187.86558132476
2021-04-27,121500,126983.75829642781,97806.24170357219
2021-04-28,119500,127042.03065540246,99702.36934459754
2021-04-29,117000,126456.9879385633,101971.71206143672
2021-04-30,113500,125300.28087165687,104422.51912834312
2021-05-03,114500,123619.4609058356,107477.4390941644
2021-05-04,115500,123361.21475300285,108366.78524699715
2021-05-06,115000,122913.9012413057,109435.2987586943
2021-05-07,114500,122543.8887051333,110256.1112948667
2021-05-10,116000,122391.10024997625,110808.89975002375
2021-05-11,114500,122197.17843661162,111252.82156338838
2021-05-12,113000,122081.15332966422,111468.84667033578
2021-05-13,109500,122517.84278482138,110782.15721517862
2021-05-14,109000,122574.19023296153,109575.80976703847
2021-05-17,110500,122448.60666839838,108851.39333160162
2021-05-18,113000,122055.0648570207,108644.9351429793
2021-05-20,113500,121505.51579740444,108594.48420259556
2021-05-21,117000,121374.29046619154,108625.70953380846
2021-05-24,116500,121257.05536430694,108642.94463569306
2021-05-25,118000,121328.40770560934,108621.59229439066
2021-05-26,119500,121586.53698754054,108513.46301245946
2021-05-27,125000,122619.69938181265,107830.30061818735
2021-05-28,122000,123123.77507697389,107576.22492302611
2021-05-31,123000,124123.48806572665,107176.51193427335
2021-06-01,127000,126124.43607400105,106525.56392599895
2021-06-02,127000,127797.75019119348,106102.24980880652
2021-06-03,126500,129125.74276065207,105874.25723934793
2021-06-04,124000,129861.51587860788,106038.48412139212
2021-06-07,126000,130838.77063975259,106211.22936024741
2021-06-08,128500,132172.652329085,106127.34767091501
2021-06-09,129000,133411.98637068132,106338.01362931868
2021-06-10,133500,135320.74529061705,106479.25470938295
2021-06-11,135500,136976.93793506807,107423.06206493192
2021-06-14,142500,139894.31400068814,107855.68599931184
2021-06-15,144500,142789.66632967707,108360.33367032294
2021-06-16,143000,144893.60352493875,109256.39647506126
2021-06-17,148000,147730.34322818407,109869.65677181593
2021-06-18,155000,152109.2945875583,109290.70541244168
2021-06-21,155000,155529.55022594077,109720.44977405923
2021-06-22,159000,159339.6454838118,110010.3545161882
2021-06-23,169500,165261.84839264795,109088.15160735205
2021-06-24,157000,167578.28014946272,109971.71985053728
2021-06-25,154500,168883.79040418402,111916.20959581598
2021-06-28,155000,169958.61603381555,114041.38396618445
2021-06-29,158000,171444.34955043974,115655.65044956027
2021-06-30,163000,173393.38743710145,117306.61256289853
2021-07-01,160000,174319.6399210736,119730.3600789264
2021-07-02,159500,174351.59898179228,123248.40101820773
2021-07-05,157000,173748.3805107603,126951.6194892397
2021-07-06,157500,172986.88770268837,130613.11229731163
2021-07-07,161000,172014.08634680542,134785.91365319458
2021-07-08,163000,171408.45889878782,138341.54110121218
2021-07-09,160500,170068.02315629052,142181.97684370948
2021-07-12,162000,169693.2312646208,144506.7687353792
2021-07-13,161000,169127.79570370534,146722.20429629466
2021-07-14,162000,167723.87741913964,150026.12258086036
2021-07-15,159500,166667.66837989367,152232.33162010633
2021-07-16,157000,166560.51841314638,152539.48158685362
2021-07-19,154000,166659.8294598928,152340.1705401072
2021-07-20,152000,167058.02390646836,151241.97609353164
2021-07-21,145000,166632.37739234057,149217.62260765943
2021-07-22,147500,167327.67285612575,147572.32714387425
2021-07-23,149500,167629.71463504314,146770.28536495686
2021-07-26,147500,168093.37680366987,145556.62319633013
2021-07-27,148000,168242.5898305166,144407.4101694834
2021-07-28,148000,167611.23913984725,143538.76086015275
2021-07-29,148500,167243.15060930466,142756.84939069534
2021-07-30,147000,166923.3276302383,141826.6723697617
2021-08-02,146000,166844.31763108034,140805.68236891966
2021-08-03,144000,166753.79204099905,139546.20795900095
2021-08-04,149500,165747.03976531196,139402.96023468804
2021-08-05,149000,164173.37387624933,139576.62612375067
2021-08-06,145500,163031.9860077807,139218.0139922193
2021-08-09,148000,161235.6915889591,139614.3084110409
2021-08-10,146500,159413.79919170938,139986.20080829062
2021-08-11,144000,156920.1503745482,140679.8496254518
2021-08-12,147500,154577.59235217635,141822.40764782365
2021-08-13,146000,152560.78297969844,142739.21702030156
2021-08-17,142000,151614.16245847804,142485.83754152196
2021-08-18,145500,150691.63718108018,142758.36281891982
2021-08-19,146500,150685.1945694028,142914.8054305972
2021-08-20,144000,150688.6385044377,142561.3614955623
2021-08-23,148500,150512.3381336836,142637.6618663164
2021-08-24,149000,150716.55162333825,142583.44837666175
2021-08-25,151000,151276.84099149946,142323.15900850054
2021-08-26,149500,151484.77222864772,142265.22777135228
2021-08-27,150000,151717.21258068964,142182.78741931036
2021-08-30,151500,152358.7296063347,141991.2703936653
2021-08-31,155000,153839.37213663966,141410.62786336034
2021-09-01,154000,154709.47136510644,141540.52863489356
2021-09-02,155000,155651.86001548724,141148.13998451276
2021-09-03,156500,156882.66369099802,140667.33630900198
2021-09-06,155500,157757.02433633135,140792.97566366865
2021-09-07,154000,158288.41977701857,140861.58022298143
2021-09-08,138500,159128.97302323952,139221.02697676048
2021-09-09,128500,161850.10271923253,134949.89728076747
2021-09-10,130000,163297.97822560073,131752.02177439927
2021-09-13,124500,165292.5610059559,127607.4389940441
2021-09-14,124000,166847.14584287396,124252.85415712604
2021-09-15,122500,168061.2052013197,120738.79479868029
2021-09-16,121500,168893.88021299557,117406.11978700444
2021-09-17,119500,169746.3757274588,114103.62427254122
2021-09-23,115000,170345.46215138215,110154.53784861787
2021-09-24,119500,169937.51966030602,107612.48033969398
2021-09-27,120000,168906.76463719038,105543.23536280962
2021-09-28,117500,167922.75126602652,103327.2487339735
2021-09-29,116500,166581.75721513294,101318.24278486706
2021-09-30,118000,164550.90758640767,99999.09241359234
2021-10-01,116500,161491.61203277716,99208.38796722284
2021-10-05,111000,158389.5764514145,98010.4235485855
2021-10-06,113000,154211.8068471334,97988.19315286659
2021-10-07,119500,148549.66428184835,99950.33571815163
2021-10-08,117500,141824.9501722222,102875.04982777781
2021-10-12,113500,133271.34677184466,107378.65322815535
2021-10-13,117000,129023.75648302554,109476.24351697446
2021-10-14,121500,127735.33575450005,110064.66424549995
2021-10-15,122000,125812.57028756212,111187.42971243788
2021-10-18,121500,125256.13762113928,111443.86237886072
2021-10-19,127500,126171.6366875633,110878.3633124367
2021-10-20,128000,127386.40295988278,110213.59704011722
2021-10-21,128000,128588.92040719354,109661.07959280646
2021-10-22,127500,129704.83041943387,109345.16958056613
2021-10-25,126000,130412.84564750263,109737.15435249737
2021-10-26,127500,131325.5396421711,109624.46035782892
2021-10-27,128500,132322.9685514023,109477.03144859769
2021-10-28,125500,132781.79336808407,109818.20663191595
2021-10-29,125500,133144.82800498404,110355.17199501596
2021-11-01,125500,133493.81700090255,110756.18299909747
2021-11-02,128000,134034.15889666046,111365.84110333954
2021-11-03,124500,133295.07533927303,113454.92466072697
2021-11-04,130000,133277.33322641827,115172.66677358173
2021-11-05,128500,133632.6488926627,115717.3511073373
2021-11-08,125000,133346.47991303416,116753.52008696584
2021-11-09,125500,131916.87196379,119383.12803621
2021-11-10,124000,130855.8158293362,121144.1841706638
2021-11-11,125500,130581.78046004259,121818.21953995741
2021-11-12,127000,130368.91499484911,122531.08500515089
2021-11-15,129000,130138.05233726918,123511.94766273082
2021-11-16,127500,130138.05233726918,123511.94766273082
2021-11-17,125000,130035.37278633918,123314.62721366082
2021-11-18,124500,129933.58030111743,123066.41969888257
2021-11-19,127000,129885.12424530722,123064.87575469278
2021-11-22,128500,130118.37282965182,123081.62717034818
2021-11-23,124500,130061.38550464624,122838.61449535376
2021-11-24,124500,129826.23736407717,122673.76263592283
2021-11-25,128000,130015.05494464179,122734.94505535821
2021-11-26,125500,130015.05494464179,122734.94505535821
2021-11-29,123000,130176.96481160578,122323.03518839422
2021-11-30,122000,130216.1458015416,121683.8541984584
2021-12-01,122500,130346.78247545841,121353.21752454159
2021-12-02,122500,129760.53257760283,121189.46742239717
2021-12-03,123500,129347.78648744554,121102.21351255446
2021-12-06,121000,129561.11240926464,120488.88759073536
2021-12-07,120500,129732.45053323628,119817.54946676372
2021-12-08,121000,129855.22591843847,119394.77408156153
2021-12-09,122500,129771.22507074717,119178.77492925283
2021-12-10,122500,129476.45094434981,119023.54905565019
2021-12-13,120000,128851.31561810337,118748.68438189663
2021-12-14,118500,128612.57891552383,118087.42108447617
2021-12-15,118500,128648.96189251241,117401.03810748759
2021-12-16,119500,128564.96409406285,116985.03590593715
2021-12-17,117500,128188.43648267831,116411.56351732169
2021-12-20,113000,128025.80966617235,115024.19033382765
2021-12-21,114500,128077.24861489767,113972.75138510233
2021-12-22,114500,127948.11468178673,113101.88531821327
2021-12-23,113000,127047.69587313867,112502.30412686133
2021-12-24,114500,126336.70273489296,112113.29726510704
2021-12-27,113000,126119.69938181253,111330.30061818747
2021-12-28,113500,125876.97342715412,110723.02657284588
2021-12-29,114000,125413.497686438,110336.502313562
2021-12-30,112500,124948.32576599639,109801.67423400361
2022-01-03,114500,124020.40251445366,109829.59748554634
2022-01-04,111500,123667.66837989356,109232.33162010644
2022-01-05,105500,124156.70086225675,107243.29913774325
2022-01-06,100000,125273.21192384663,104026.78807615337
2022-01-07,100000,125345.92257509223,101704.07742490777
2022-01-10,96600,125497.30845666218,98962.69154333782
2022-01-11,95000,125786.48506567339,96173.51493432661
2022-01-12,97200,125488.29360425146,94341.70639574854
2022-01-13,96700,124911.46047228304,92738.53952771696
2022-01-14,93900,124121.51795065629,90968.48204934371
2022-01-17,92900,123423.48050713933,89206.51949286067
2022-01-18,92000,123203.52367333934,87326.47632666066
2022-01-19,90400,122613.75121668217,85506.24878331783
2022-01-20,92300,121530.18185849497,84369.81814150503
2022-01-21,91800,120474.98545090995,83305.01454909005
2022-01-24,90000,118978.09856215972,82351.90143784028
2022-01-25,87600,117629.08895448325,81160.91104551675
2022-01-26,86900,115841.89511697719,80288.10488302281
2022-01-27,82600,113888.46217162635,79101.53782837365
2022-01-28,85000,111504.79397747247,78735.20602252753
2022-02-03,85100,107842.58516564962,79457.41483435038
2022-02-04,87100,104139.66312608193,80720.33687391807
2022-02-07,88000,101657.52183211835,81452.47816788165
2022-02-08,86500,100393.5581920589,81366.4418079411
2022-02-09,86100,98889.8141550346,81480.1858449654
2022-02-10,87300,97963.30030994909,81476.69969005091
2022-02-11,91700,97479.23996023436,81630.76003976564
2022-02-14,88800,96196.61603690247,82073.38396309753
2022-02-15,88300,94816.00078071805,82613.99921928195
2022-02-16,91900,94416.370074116,82813.629925884
2022-02-17,90600,94028.49080005767,82971.50919994233
2022-02-18,91400,93924.53939393662,83015.46060606338
2022-02-21,93200,94406.15117306814,82813.84882693186
2022-02-22,91800,94318.10791070567,82851.89208929433
2022-02-23,92600,94462.76272935249,82787.23727064751
2022-02-24,90000,94462.76272935249,82787.23727064751
2022-02-25,94400,95320.52805375853,82609.47194624147
2022-02-28,94100,95995.87148098327,82654.12851901673
2022-03-02,95300,96347.29001096844,83572.70998903156
2022-03-03,96600,97134.22394779636,83945.77605220364
2022-03-04,94700,97338.7607046091,84701.2392953909
2022-03-07,91600,97290.60736577059,85199.39263422941
2022-03-08,92100,97307.42893121354,85592.57106878646
2022-03-10,100000,98653.60104302249,85596.39895697751
2022-03-11,101500,100035.53661554241,85754.46338445759
2022-03-14,103500,101786.55144042391,85623.44855957609
2022-03-15,103000,103287.19993883076,85252.80006116924
2022-03-16,104000,104648.20641995427,85411.79358004573
2022-03-17,106500,106293.01125785492,85586.98874214508
2022-03-18,108500,108348.40094404492,85191.59905595508
2022-03-21,105000,109242.51820719858,85737.48179280142
2022-03-22,106500,110286.76503936053,86203.23496063947
2022-03-23,106500,111244.10334248768,86575.89665751232
2022-03-24,105000,111713.37159458683,87426.62840541317
2022-03-25,105000,112098.93516827232,88281.06483172768
2022-03-28,105000,112006.38342482634,89873.61657517366
2022-03-29,105500,112290.41325602819,90699.58674397181
2022-03-30,106500,112540.1265295872,91689.8734704128
2022-03-31,106500,112756.32718915248,92593.67281084752
2022-04-01,106000,112905.17148253192,93384.82851746808
2022-04-04,105500,112639.68709965011,94730.31290034989
2022-04-05,107500,111539.92395963286,97420.07604036714
2022-04-06,105000,109110.16987685306,101139.83012314694
2022-04-07,99900,109132.40182696863,101107.59817303137
2022-04-08,98000,109832.13671418822,100057.86328581178
2022-04-11,95100,111090.58010424605,97959.41989575395
2022-04-12,94100,112121.36673379451,96038.63326620549
2022-04-13,95800,112523.68790243323,94816.31209756677
2022-04-14,96100,112510.94911967055,93789.05088032945
2022-04-15,95400,112109.56679922971,92880.43320077029
2022-04-18,94400,112149.8752673037,91780.1247326963
2022-04-19,95100,111785.17248223216,91004.82751776784
2022-04-20,95100,111286.5335496539,90363.4664503461
2022-04-21,93600,110997.23832404282,89512.76167595718
2022-04-22,92000,110705.58794080686,88504.41205919314
2022-04-25,89700,110471.24648250779,87208.75351749221
2022-04-26,90200,109873.28265826082,86276.71734173918
2022-04-27,88400,109023.86457081257,85316.13542918743
2022-04-28,89300,107804.0533824192,84815.9466175808
2022-04-29,89900,106380.07531734387,84629.92468265613
2022-05-02,87300,104983.55139083439,84206.44860916561
2022-05-03,88500,102413.2381354527,84876.7618645473
2022-05-04,89000,100027.28082817317,85662.71917182683
2022-05-06,84300,99407.81603803526,84722.18396196474
2022-05-09,84100,98974.18167506374,83765.81832493626
2022-05-10,83600,98932.10798231143,82657.89201768857
2022-05-11,85400,98681.28532581902,82038.71467418098
2022-05-12,80700,98563.72993818151,80646.27006181849
2022-05-13,81800,97948.15131597858,79831.84868402142
2022-05-16,82300,97205.19039873069,79264.80960126931
2022-05-17,83200,96420.25435217391,78929.74564782609
2022-05-18,82600,95335.56131567413,78764.43868432587
2022-05-19,80400,94191.75460820641,78438.24539179359
2022-05-20,83000,92996.18283603618,78573.81716396382
2022-05-23,82900,92019.53621238783,78640.46378761217
2022-05-24,80600,91550.91901814635,78199.08098185365
2022-05-25,81800,90767.38548619472,78142.61451380528
2022-05-26,81500,90266.86181170464,77953.13818829536
2022-05-27,81700,89461.57459765002,77998.42540234998
2022-05-30,83900,88376.06701808359,78483.93298191641
2022-05-31,85000,87981.23932880537,78648.76067119463
2022-06-02,83700,87062.81037399638,79087.18962600362
2022-06-03,85700,86048.15232262644,79771.84767737356
2022-06-07,81900,85887.63916895728,79692.36083104272
2022-06-08,81500,85744.35781936864,79575.64218063136
2022-06-09,81300,85653.20645524502,79436.79354475498
2022-06-10,80100,85264.59201126215,79295.40798873785
2022-06-13,76500,85972.54977378223,78167.45022621777
2022-06-14,76600,86417.49960733418,77202.50039266582
2022-06-15,72700,87468.4379977839,75191.5620022161
2022-06-16,72300,88055.49553078492,73514.50446921508
2022-06-17,72200,88422.46993800646,72107.53006199354
2022-06-20,69600,89172.66749270089,70277.33250729911
2022-06-21,70500,89262.26249156032,68937.73750843968
2022-06-22,68500,89411.93450612237,67348.06549387763
2022-06-23,67100,89768.77352153763,65641.22647846237
2022-06-24,71500,89396.27966080983,64983.72033919017
2022-06-27,71800,88960.95021976993,64449.04978023007
2022-06-28,71600,88421.6374129098,63978.3625870902
2022-06-29,70800,87428.55342922595,63661.446570774046
2022-06-30,69900,86046.41805231245,63533.58194768754
2022-07-01,67300,84877.47691409812,63062.52308590187
2022-07-04,68100,82785.33800067707,63394.661999322925
2022-07-05,72000,81362.99803111798,63827.001968882025
2022-07-06,73500,79920.41261034027,64469.58738965973
2022-07-07,73000,78232.93894691682,65327.06105308318
2022-07-08,71800,76497.46632003758,66232.53367996242
2022-07-11,71300,75633.49457964776,66576.50542035224
2022-07-12,70300,74514.11769840633,67065.88230159367
2022-07-13,71900,74404.26931280806,67095.73068719194
2022-07-14,72100,74377.46586165989,67102.53413834011
2022-07-15,70100,74215.81143406352,67054.18856593648
2022-07-18,72800,74465.92416300454,67124.07583699546
2022-07-19,72800,74684.65230186892,67135.34769813108
2022-07-20,73400,74907.03804267608,67402.96195732392
2022-07-21,73700,74879.28311941435,68090.71688058565
2022-07-22,72100,74920.42910195257,68109.57089804743
2022-07-25,73000,75043.2772911671,68106.7227088329
2022-07-26,72400,75102.88882005391,68127.11117994609
2022-07-27,71900,75138.41386470049,68201.58613529951
2022-07-28,72400,75173.86620660093,68416.13379339907
2022-07-29,74800,75080.67002595699,69259.32997404301
2022-08-01,74000,74772.21978968178,70157.78021031822
2022-08-02,71800,74772.41689228246,70137.58310771754
2022-08-03,76000,75358.5645669367,69801.4354330633
2022-08-04,81700,77954.3266108272,68075.6733891728
2022-08-05,81200,79589.10560714365,67380.89439285635
2022-08-08,82000,81113.24363483749,66926.75636516251
2022-08-09,83200,82626.82338280322,66703.17661719678
2022-08-10,80300,83314.41450881529,66855.58549118471
2022-08-11,83700,84612.39597519004,66717.60402480996
2022-08-12,82500,85326.72200646039,67243.27799353961
2022-08-16,80700,85770.79349208827,67589.20650791173
2022-08-17,80100,86065.78885569064,68024.21114430936
2022-08-18,79200,86234.50323865001,68435.49676134999
2022-08-19,76700,86226.25728641902,68743.74271358098
2022-08-22,75000,86086.72575683527,69173.27424316473
2022-08-23,74800,86005.84080795317,69434.15919204683
2022-08-24,74900,85864.04968775864,69825.95031224136
2022-08-25,76100,85625.99034055964,70484.00965944036
2022-08-26,76000,85400.20099251675,71069.79900748325
2022-08-29,72200,85618.48962305763,70591.51037694237
2022-08-30,73200,85678.3608319782,70451.6391680218
2022-08-31,73400,85510.774336684,70779.225663316
2022-09-01,71400,85829.61672443726,70000.38327556274
2022-09-02,70200,85752.12157982096,68927.87842017904
2022-09-05,70000,85591.85803932793,67968.14196067207
2022-09-06,69700,85157.92704530123,67172.07295469877
2022-09-07,67500,84526.89478514601,66233.10521485399
2022-09-08,68000,84169.42784851367,65360.572151486325
2022-09-13,70000,82707.8862447668,65452.11375523319
2022-09-14,68100,81413.60984769886,65306.39015230114
2022-09-15,67400,80384.90452339637,65005.09547660363
2022-09-16,66900,79303.17866130409,64766.82133869591
2022-09-19,65400,78365.1139591893,64324.8860408107
2022-09-20,65300,77815.59656563308,63734.40343436692
2022-09-21,64000,77587.17216230188,62862.82783769812
2022-09-22,61300,77590.29326514139,61509.70673485861
2022-09-23,61000,77338.91046877025,60371.08953122975
2022-09-26,59700,76737.87913642157,59332.12086357843
2022-09-27,59300,75889.73986649614,58510.260133503856
2022-09-28,56900,75928.1055314677,56941.89446853229
2022-09-29,55900,75604.90749439457,55535.092505605426
2022-09-30,57100,74759.94088464629,54750.05911535371
2022-10-04,55900,74216.28221984008,53743.717780159925
2022-10-05,54500,73823.35829279403,52566.64170720598
2022-10-06,54800,73187.58108548842,51682.41891451158
2022-10-07,50900,72843.911378352,50146.088621648
2022-10-11,50100,72681.3370539272,48568.6629460728
2022-10-12,49850,72162.5486878159,47272.4513121841
2022-10-13,47300,71218.09196122324,45946.90803877676
2022-10-14,51400,69934.09639025394,45560.90360974606
2022-10-17,48350,68781.2596773403,44808.74032265969
2022-10-18,49400,67342.0193624329,44497.9806375671
2022-10-19,49800,65950.45303106417,44329.54696893583
2022-10-20,47750,64430.5549814242,44094.4450185758
2022-10-21,48850,62841.96107442167,44168.03892557833
2022-10-24,48450,61695.8622972052,44029.1377027948
2022-10-25,48800,60376.245247243256,44128.754752756744
2022-10-26,47700,59213.30439886503,44091.69560113497
2022-10-27,48750,57867.051850727396,44382.948149272604
2022-10-28,48750,56956.28151058715,44478.71848941285
2022-10-31,50700,56200.62174417563,44714.37825582437
2022-11-01,50700,54961.98524660805,45313.01475339195
2022-11-02,52300,54096.69328524695,45818.30671475305
2022-11-03,50100,53285.646291412595,46189.353708587405
2022-11-04,50300,52167.16322574202,46857.83677425798
2022-11-07,49850,52039.59605160875,46880.40394839125
2022-11-08,51500,52254.624551634624,46805.375448365376
2022-11-09,52100,52598.72002599723,46686.27997400277
2022-11-10,50800,52599.06998454995,47035.93001545005
2022-11-11,58700,55005.28310129194,45359.71689870806
2022-11-14,58500,56692.68361037942,44687.31638962058
2022-11-15,58700,58103.29778472865,44206.70221527135
2022-11-16,58600,59259.607656385146,43930.392343614854
2022-11-17,59100,60294.88328503637,44030.11671496363
2022-11-18,57700,60939.07084455774,44270.92915544226
2022-11-21,56300,61246.61318997714,44748.38681002286
2022-11-22,54300,61296.04922121535,45248.95077878465
2022-11-23,55700,61314.935200214386,46030.064799785614
2022-11-24,57400,61551.009174825216,46658.990825174784
2022-11-25,56100,61520.56617747788,47424.43382252212
2022-11-28,54600,61488.23271260827,47846.76728739173
2022-11-29,55900,61503.491019971,48351.508980029
2022-11-30,56400,61618.62080969027,48646.37919030973
2022-12-01,57900,61663.34470445337,49381.65529554663
2022-12-02,56900,61501.298195424766,50203.701804575234
2022-12-05,58000,61219.37177685392,51300.62822314608
2022-12-06,56000,60915.17167304317,52054.82832695683
2022-12-07,55500,60612.39148536301,52697.60851463699
2022-12-08,55500,59804.13975751308,53975.86024248692
2022-12-09,58100,59707.27016077219,54012.72983922781
2022-12-12,58100,59644.057210919185,54035.942789080815
2022-12-13,58200,59557.47295241712,54072.52704758288
2022-12-14,58700,59576.50426980919,54063.49573019081
2022-12-15,55300,59245.017359306876,54014.982640693124
2022-12-16,54400,59209.00782567598,53720.99217432402
2022-12-19,55800,59199.40497018402,53680.59502981598
2022-12-20,54300,59199.40497018402,53680.59502981598
2022-12-21,54200,59285.90469042194,53444.09530957806
2022-12-22,55100,59180.42120198705,53319.57879801295
2022-12-23,53400,59311.23133343703,52918.76866656297
2022-12-26,53600,59389.72396954796,52740.27603045204
2022-12-27,54400,59397.05151120474,52582.94848879526
2022-12-28,53600,59412.67197184219,52287.32802815781
2022-12-29,53100,59237.32321198608,51982.67678801392
2023-01-02,52700,59195.287937208224,51604.712062791776
2023-01-03,53300,58863.235710230416,51466.764289769584
2023-01-04,55700,58836.39033258999,51463.60966741001
2023-01-05,57700,59117.6786038405,51402.3213961595
2023-01-06,57200,59298.66585388965,51391.33414611035
2023-01-09,61100,60067.90648102637,50922.09351897363
2023-01-10,60700,60636.51306073298,50613.48693926702
2023-01-11,61900,61454.89522535766,50165.10477464234
2023-01-12,61500,62019.59636219761,49880.40363780239
2023-01-13,62000,62917.06723348582,49652.93276651418
2023-01-16,64500,64298.00274794572,49281.99725205428
2023-01-17,61800,64904.66906731063,49275.33093268937
2023-01-18,61600,65401.79014975312,49508.20985024688
2023-01-19,60800,65710.78071864235,49859.219281357655
2023-01-20,61200,66050.13752856613,50129.862471433866
2023-01-25,62600,66431.89130388884,50668.10869611116
2023-01-26,63700,66895.64309929544,51214.35690070456
2023-01-27,64700,67476.05364328685,51663.94635671315
2023-01-30,63500,67629.53637219881,52500.46362780119
2023-01-31,61400,67310.76631287117,53649.23368712882
2023-02-01,62200,66750.63356511225,55159.36643488775
2023-02-02,64500,66266.63129882814,56763.36870117186
2023-02-03,67200,66658.49623998314,57521.50376001686
2023-02-06,65200,66737.93809924778,58192.06190075221
2023-02-07,68000,67205.48869337382,58804.511306626184
2023-02-08,69100,68306.76123020065,58503.238769799354
2023-02-09,70900,69678.50587750229,58151.49412249771
2023-02-10,67600,70105.92922409366,58294.070775906344
2023-02-13,64300,70107.56812749244,58572.43187250756
2023-02-14,65000,70156.48503320907,58823.51496679092
2023-02-15,63600,70125.42807875412,58764.57192124588
2023-02-16,64200,70109.94554099813,59020.05445900186
2023-02-17,63300,70053.89722914505,59246.10277085496
2023-02-20,64200,69919.26723322019,59720.732766779816
2023-02-21,63100,69796.4471538462,60033.55284615381
2023-02-22,62200,69819.47165213032,59970.52834786967
2023-02-23,62500,69849.20088611529,59820.799113884714
2023-02-24,61800,69885.09890488935,59494.901095110654
2023-02-27,61900,69930.03165799874,59289.96834200126
2023-02-28,62400,69870.67729712179,59449.32270287821
2023-03-02,61200,69937.94025571088,59282.059744289116
2023-03-03,61000,70002.67928598465,58867.32071401535
2023-03-06,63600,69677.16697795683,58832.83302204316
2023-03-07,61500,69607.6605358698,58532.3394641302
2023-03-08,59100,69262.4219565146,57987.5780434854
2023-03-09,59000,68495.81327996573,57744.18672003426
2023-03-10,58100,66922.66397085105,58037.33602914895
2023-03-13,60800,65924.95637185495,58355.04362814505
2023-03-14,59400,65725.33597537,58064.66402462999
2023-03-15,59300,65313.710799213906,57906.289200786094
2023-03-16,59900,65079.48534788387,57770.51465211613
2023-03-17,60200,64671.96662986046,57778.03337013954
2023-03-20,61000,64416.070970678185,57803.929029321815
2023-03-21,60900,63913.94452271349,57976.05547728651
2023-03-22,62700,63837.67646856451,58012.32353143549
2023-03-23,61600,63764.42136107117,58025.57863892883
2023-03-24,61400,63620.68526200268,58059.31473799732
2023-03-27,60700,63529.00782567607,58040.99217432393
2023-03-28,60700,63418.364165188,58031.635834812
2023-03-29,60400,63202.53452169498,58047.46547830502
2023-03-30,60100,63142.81332806243,57997.18667193757
2023-03-31,61100,63151.717618252645,57998.282381747355
2023-04-03,60200,62554.63889256407,58255.36110743593
2023-04-04,60700,62457.87010183645,58272.12989816355
2023-04-05,60500,62441.59439165832,58428.40560834168
2023-04-06,58600,62488.66951637934,58341.33048362066
2023-04-07,58600,62405.3846549997,58474.6153450003
2023-04-10,58100,62521.18448785599,58088.81551214401
2023-04-11,59300,62525.21435986995,58074.78564013005
2023-04-12,58700,62567.00033224177,57972.99966775823
2023-04-13,59500,62567.439603483224,57932.560396516776
2023-04-14,60500,62584.95916479554,57945.04083520446
2023-04-17,60100,62514.70787041169,57925.29212958831
2023-04-18,59000,62458.17042037853,57791.82957962147
2023-04-19,58600,62008.16212316825,57831.83787683175
2023-04-20,57900,61851.87455810206,57618.12544189794
2023-04-21,57900,61676.00417868525,57443.99582131475
2023-04-24,57200,61675.73649384067,57094.26350615933
2023-04-25,56000,61807.66022936336,56492.33977063664
2023-04-26,56500,61792.69736155784,56117.30263844216
2023-04-27,55800,61850.86381640427,55629.13618359573
2023-04-28,58100,61504.86209839066,55675.13790160934
2023-05-02,58500,61319.60476799191,55690.39523200809
2023-05-03,58300,61003.376355080545,55766.623644919455
2023-05-04,57200,60688.83735688271,55751.16264311729
2023-05-08,57700,60647.480110079676,55702.519889920324
2023-05-09,57500,60601.59541212431,55638.40458787569
2023-05-10,56500,60625.30258841919,55454.69741158081
2023-05-11,56000,60541.65570173235,55208.34429826765
2023-05-12,56600,60465.10277120765,55074.89722879235
2023-05-15,56800,60234.007907888285,55035.992092111715
2023-05-16,56100,59721.30714164042,55108.69285835958
2023-05-17,57700,59233.5018632147,55356.4981367853
2023-05-18,57200,58969.533634525294,55440.466365474706
2023-05-19,57900,58843.445861877284,55496.554138122716
2023-05-22,57900,58843.445861877284,55496.554138122716
2023-05-23,58000,58858.19870922582,55491.80129077418
2023-05-24,56800,58846.43352468363,55463.56647531637
2023-05-25,56700,58808.18611902095,55571.81388097905
2023-05-26,56600,58804.80548024075,55585.19451975925
2023-05-30,56800,58729.62293635809,55760.37706364191
2023-05-31,56200,58647.366108592185,55652.633891407815
2023-06-01,56100,58454.743744272884,55605.256255727116
2023-06-02,57200,58272.568576426274,55677.431423573726
2023-06-05,57100,58264.685493206125,55675.314506793875
2023-06-07,57400,58220.70138658476,55689.29861341524
2023-06-08,56500,58159.00411314798,55650.99588685202
2023-06-09,56400,58161.577959291855,55638.422040708145
2023-06-12,56600,58128.42001248243,55731.57998751757
2023-06-13,56400,58133.26007104931,55706.73992895069
2023-06-14,55700,58195.25521888508,55534.74478111492
2023-06-15,53900,58611.39718980566,54898.60281019434
2023-06-16,53600,58825.2674799385,54274.7325200615
2023-06-19,52500,59197.45144205275,53432.54855794725
2023-06-20,51700,59448.66695620608,52561.33304379392
2023-06-21,50500,59746.74185140969,51523.25814859031
2023-06-22,50300,59843.129881166606,50656.870118833394
2023-06-23,49700,60047.19932599072,49742.80067400928
2023-06-26,50000,60076.44431629099,49043.55568370901
2023-06-27,49350,60089.553077976,48305.446922024
2023-06-28,49000,59999.19860207597,47615.80139792403
2023-06-29,49000,59885.8288940043,47009.1711059957
2023-06-30,49100,59687.96160830396,46507.03839169604
