Date,macd,signal,histogram
2017-07-10,0.0,0.0,0.0
2017-07-11,-24.011396011395846,-4.80227920227917,-19.209116809116676
2017-07-12,-74.61848523956724,-18.765520409736784,-55.852964829830455
2017-07-13,-91.00160659793983,-33.212737647377395,-57.78886895056243
2017-07-14,-117.23907653287097,-50.018005424476115,-67.22107110839485
2017-07-17,-112.36827290316796,-62.488058920214485,-49.88021398295348
2017-07-18,-59.24877407188251,-61.84020195054809,2.591427878665584
2017-07-19,7.055662608716375,-48.0610290386952,55.11669164741158
2017-07-20,58.92317667347379,-26.664187896261407,85.5873645697352
2017-07-21,146.91142072223374,8.050933827437625,138.8604868947961
2017-07-24,230.20806297442687,52.48235965683548,177.72570331759138
2017-07-25,268.8341153033616,95.75271078614071,173.0814045172209
2017-07-26,263.96467920434225,129.39510446978102,134.56957473456123
2017-07-27,321.1984295061993,167.7557694770647,153.44266002913463
2017-07-28,386.39070191356586,211.4827559643649,174.90794594920095
2017-07-31,577.2121039203194,284.6286255555558,292.58347836476355
2017-08-01,688.0697595789425,365.31685236023316,322.7529072187093
2017-08-02,711.0827973789601,434.47004136397857,276.6127560149815
2017-08-03,721.0094475370497,491.7779225985928,229.23152493845691
2017-08-04,656.5131256092063,524.7249632007155,131.78816240849085
2017-08-07,598.5001881944081,539.480008199454,59.020179994954105
2017-08-08,554.2051496136446,542.4250364822922,11.780113131352437
2017-08-09,473.1397473111829,528.5679786480703,-55.42823133688739
2017-08-10,404.2350617772172,503.70139527389966,-99.46633349668247
2017-08-11,369.65463793405434,476.8920438059306,-107.23740587187626
2017-08-14,386.45168890669083,458.80397282608266,-72.35228391939182
2017-08-16,419.21915973816795,450.88701020849976,-31.667850470331814
2017-08-17,440.11425329857593,448.732458826515,-8.618205527939097
2017-08-18,435.4353180162907,446.07303066447014,-10.637712648179445
2017-08-21,434.78446766104025,443.81531806378416,-9.030850402743908
2017-08-22,453.33112943215383,445.7184803374581,7.612649094695712
2017-08-23,454.71861509975497,447.5185072899175,7.200107809837448
2017-08-24,474.635094011981,452.94182463433026,21.693269377650722
2017-08-25,500.8644140256947,462.5263425126032,38.338071513091506
2017-08-28,523.6838024805947,474.75783450620156,48.92596797439319
2017-08-29,551.6285221819489,490.13197204135105,61.49655014059789
2017-08-30,615.2589604416207,515.1573697214051,100.10159072021565
2017-08-31,674.1345578195214,546.9528073410283,127.18175047849309
2017-09-01,696.5455294652311,576.8713517658689,119.67417769936219
2017-09-04,666.1205581965951,594.7211930520142,71.39936514458088
2017-09-05,730.7377965679298,621.9245137551974,108.81328281273238
2017-09-06,813.081925815357,660.1559961672293,152.92592964812764
2017-09-07,852.3762501452147,698.6000469628265,153.77620318238826
2017-09-08,913.414524191172,741.5629424084956,171.85158178267636
2017-09-11,966.8614394785582,786.6226418225082,180.23879765605
2017-09-12,997.7174393250461,828.8416013230158,168.87583800203038
2017-09-13,962.4995766483626,855.5731963880852,106.92638026027737
2017-09-14,995.9727659854507,883.6531103075583,112.31965567789234
2017-09-15,1066.9278543152468,920.308059109096,146.6197952061508
2017-09-18,1110.3607257495278,958.3185924371824,152.0421333123454
2017-09-19,1155.7470412521761,997.8042822001812,157.94275905199493
2017-09-20,1266.2035899650473,1051.4841437531545,214.71944621189277
2017-09-21,1330.2569704100024,1107.238709084524,223.0182613254783
2017-09-22,1309.2816192439714,1147.6472911164135,161.63432812755786
2017-09-25,1277.9273513019943,1173.7033031535298,104.22404814846459
2017-09-26,1278.8443510477155,1194.731512732367,84.11283831534843
2017-09-27,1256.932093286694,1207.1716288432326,49.76046444346139
2017-09-28,1209.4859415561332,1207.634491385813,1.8514501703202768
2017-09-29,1230.5639031170213,1212.2203737320547,18.343529384966587
2017-10-10,1313.0658513129638,1232.3894692482365,80.67638206472725
2017-10-11,1386.7518124201779,1263.2619378826248,123.48987453755308
2017-10-12,1572.827687220186,1325.1750877501372,247.6525994700487
2017-10-13,1588.6098946877755,1377.862049137665,210.74784555011047
2017-10-16,1638.8710555847392,1430.06385042708,208.80720515765915
2017-10-17,1683.5842607822487,1480.7679324981139,202.8163282841349
2017-10-18,1555.3614527656864,1495.6866365516285,59.674816214057955
2017-10-19,1413.165674943415,1479.1824442299858,-66.0167692865707
2017-10-20,1333.6770663938441,1450.0813686627575,-116.4043022689134
2017-10-23,1272.2352555200378,1414.5121460342136,-142.27689051417588
2017-10-24,1193.5644891030024,1370.3226146479715,-176.75812554496906
2017-10-25,1054.2689941711033,1307.111890552598,-252.8428963814947
2017-10-26,837.0743016270717,1213.1043727674928,-376.0300711404211
2017-10-27,713.3682114387047,1113.1571405017353,-399.78892906303054
2017-10-30,584.3065372291421,1007.3870198472167,-423.0804826180746
2017-10-31,508.5994530224598,907.6295064822654,-399.0300534598056
2017-11-01,555.5685528260838,837.217315751029,-281.64876292494523
2017-11-02,570.0022515004166,783.7743029009066,-213.77205140049
2017-11-03,614.86053676948,749.9915496746214,-135.13101290514146
2017-11-06,650.9761672592649,730.1884731915502,-79.21230593228529
2017-11-07,687.8875453665387,721.728287626548,-33.84074226000928
2017-11-08,764.9675419421401,730.3761384896665,34.59140345247363
2017-11-09,736.6288778125709,731.6266863542473,5.002191458323523
2017-11-10,706.0315896448155,726.507667012361,-20.476077367545486
2017-11-13,698.024807295209,720.8110950689306,-22.786287773721597
2017-11-14,699.8311765962826,716.6151113744011,-16.783934778118464
2017-11-15,677.2369511017241,708.7394793198657,-31.502528218141606
2017-11-16,659.794330544999,698.9504495648924,-39.15611901989348
2017-11-17,686.6322280513268,696.4868052621794,-9.85457721085254
2017-11-20,739.8797861767853,705.1654014451007,34.71438473168462
2017-11-21,789.2004680565369,721.972414767388,67.22805328914887
2017-11-22,714.7457263035612,720.5270770746228,-5.781350771061511
2017-11-23,568.2555927215617,690.0727802040105,-121.81718748244884
2017-11-24,422.9968773200344,636.6575996272154,-213.660722307181
2017-11-27,296.3127341727377,568.5886265363199,-272.2758923635822
2017-11-28,161.69338858243282,487.20957894554255,-325.51619036310973
2017-11-29,46.32275156914329,399.0322134702627,-352.7094619011194
2017-11-30,-180.6864113508891,283.0884885060324,-463.7748998569215
2017-12-01,-300.40371664321356,166.3900474761832,-466.79376411939677
2017-12-04,-398.7531300016599,53.361411980614605,-452.1145419822745
2017-12-05,-455.30890251894016,-48.372650919296355,-406.9362515996438
2017-12-06,-534.4758593057704,-145.5932925965912,-388.88256670917923
2017-12-07,-630.3761717819907,-242.54986843367112,-387.8263033483196
2017-12-08,-650.3051781746835,-324.1009303818736,-326.20424779280995
2017-12-11,-634.4967908393301,-386.1801024733649,-248.31668836596515
2017-12-12,-598.8463814929491,-428.71335827728177,-170.13302321566738
2017-12-13,-564.0906889111066,-455.78882440404675,-108.3018645070598
2017-12-14,-482.4092694933024,-461.11291342189793,-21.29635607140449
2017-12-15,-436.9277098982311,-456.2758727171646,19.348162818933474
2017-12-18,-524.4287363135081,-469.90644543643333,-54.522290877074795
2017-12-19,-570.9730876495378,-490.11977387905426,-80.85331377048351
2017-12-20,-633.0010200336146,-518.6960231099664,-114.30499692364822
2017-12-21,-746.4189041518075,-564.2405993183346,-182.1783048334729
2017-12-22,-818.7956634563561,-615.151612145939,-203.64405131041713
2017-12-26,-922.1700969461708,-676.5553091059854,-245.6147878401854
2017-12-27,-776.4700650997729,-696.538260304743,-79.93180479502996
2017-12-28,-693.5145408315184,-695.933516410098,2.418975578579648
2018-01-02,-468.4922407258273,-650.4452612732439,181.9530205474166
2018-01-03,-246.8879629709336,-569.7338016127818,322.8458386418482
2018-01-04,41.62693228399439,-447.4616548334266,489.088587117421
2018-01-05,267.1969848935951,-304.5299268880223,571.7269117816174
2018-01-08,496.96045078551833,-144.2318513533142,641.1923021388325
2018-01-09,631.2656112332006,10.867641163988765,620.3979700692119
2018-01-10,609.2395618832852,130.54202530784806,478.69753657543714
2018-01-11,440.8916364737124,192.61194754102092,248.2796889326915
2018-01-12,303.9707076032646,214.88369955346965,89.08700804979495
2018-01-15,265.2666099685448,224.9602816364847,40.306328332060104
2018-01-16,159.88571740608677,211.94536879040513,-52.05965138431836
2018-01-17,-28.52251143807007,163.85179274471008,-192.37430418278015
2018-01-18,-151.79935726823896,100.72156274212028,-252.52092001035925
2018-01-19,-206.68806146831048,39.23963790003413,-245.9276993683446
2018-01-22,-287.302424457328,-26.068774571438297,-261.2336498858897
2018-01-23,-331.2333080019198,-87.1016812575346,-244.1316267443852
2018-01-24,-385.888748864465,-146.85909477892068,-239.02965408554434
2018-01-25,-424.3123706358092,-202.3497499502984,-221.9626206855108
2018-01-26,-369.48971110469574,-235.77774218117787,-133.71196892351787
2018-01-29,-338.36096405205535,-256.2943865553534,-82.06657749670194
2018-01-30,-318.09358714127666,-268.6542266725381,-49.439360468738585
2018-01-31,-274.5781939816479,-269.83902013436006,-4.739173847287873
2018-02-01,-213.3444449935414,-258.54010510619634,45.195660112654934
2018-02-02,-130.94940581489936,-233.02196524793695,102.07255943303758
2018-02-05,-208.97096308730397,-228.21176481581037,19.240801728506398
2018-02-06,-323.7973004023006,-247.32887193310842,-76.46842846919219
2018-02-07,-482.105145302623,-294.28412660701133,-187.82101869561166
2018-02-08,-600.641432386321,-355.5555877628733,-245.08584462344766
2018-02-09,-822.7579942623051,-448.9960690627597,-373.76192519954543
2018-02-12,-987.4047821222703,-556.6778116746618,-430.72697044760844
2018-02-13,-1089.114889053897,-663.1652271505089,-425.9496619033881
2018-02-14,-1100.3907290823336,-750.6103275368739,-349.78040154545965
2018-02-19,-1072.6736153828788,-815.022985106075,-257.6506302768038
2018-02-20,-1054.688143220821,-862.9560167290242,-191.73212649179686
2018-02-21,-1004.5663272166967,-891.2780788265587,-113.28824839013794
2018-02-22,-969.8832368748153,-906.99911043621,-62.884126438605335
2018-02-23,-931.6570750756218,-911.9307033640923,-19.72637171152951
2018-02-26,-899.0678363431944,-909.3581299599127,10.290293616718373
2018-02-27,-735.2549816514838,-874.5375002982271,139.28251864674326
2018-02-28,-646.5553948514098,-828.9410792088637,182.3856843574539
2018-03-02,-577.6704719185764,-778.6869577508062,201.01648583222982
2018-03-05,-589.1518517071672,-740.7799365420784,151.6280848349112
2018-03-06,-439.38766947079785,-680.5014831278223,241.11381365702448
2018-03-07,-365.06658459078244,-617.4145034204145,252.34791882963202
2018-03-08,-262.6319273817571,-546.457988212683,283.8260608309258
2018-03-09,-147.31552156406906,-466.6294948829602,319.31397331889116
2018-03-12,-39.33468485147023,-381.1705328766622,341.835848025192
2018-03-13,133.78232037750058,-278.1799622258297,411.96228260333027
2018-03-14,211.89071683464863,-180.16582641373404,392.0565432483827
2018-03-15,342.70623295537735,-75.59141453991175,418.2976474952891
2018-03-16,433.3143298253999,26.189734333150582,407.12459549224934
2018-03-19,443.28575238937265,109.60893794439501,333.67681444497765
2018-03-20,470.0578270205333,181.69871575962267,288.3591112609106
2018-03-21,469.6421267797523,239.28739796364863,230.35472881610366
2018-03-22,463.9643886790873,284.2227961067364,179.7415925723509
2018-03-23,334.17169485458726,294.21257585630656,39.9591189982807
2018-03-26,236.6512459054211,282.7003098661295,-46.049063960708395
2018-03-27,165.60643552182955,259.28153499726955,-93.67509947543999
2018-03-28,68.01171017261004,221.02757003233765,-153.0158598597276
2018-03-29,-1.2492479804532195,176.57220642977947,-177.8214544102327
2018-03-30,-15.45371094390066,138.16702295504345,-153.6207338989441
2018-04-02,-74.42924504980692,95.64776935407338,-170.0770144038803
2018-04-03,-127.76415929176073,50.96538362490655,-178.7295429166673
2018-04-04,-248.1859392899678,-8.86488095806832,-239.32105833189948
2018-04-05,-323.67096989494166,-71.82609874544299,-251.84487114949866
2018-04-06,-411.19148139576646,-139.69917527550768,-271.4923061202588
2018-04-09,-491.0301558605606,-209.9653713925183,-281.0647844680423
2018-04-10,-532.0316226821451,-274.3786216504437,-257.6530010317014
2018-04-11,-574.0466565431343,-334.3122286289818,-239.7344279141525
2018-04-12,-624.4339718867232,-392.3365772805301,-232.09739460619306
2018-04-13,-648.8179486158951,-443.6328515476031,-205.18509706829207
2018-04-16,-716.6080392314507,-498.22788908437263,-218.38015014707804
2018-04-17,-745.5192721726198,-547.6861657020221,-197.83310647059773
2018-04-18,-735.6631809194369,-585.2815687455051,-150.38161217393179
2018-04-19,-767.5803381322439,-621.7413226228529,-145.83901550939106
2018-04-20,-807.8506996165561,-658.9631980215936,-148.8875015949625
2018-04-23,-894.2522569092034,-706.0210097991156,-188.2312471100878
2018-04-24,-887.6978957349638,-742.3563869862853,-145.3415087486785
2018-04-25,-864.4692891655759,-766.7789674221435,-97.69032174343238
2018-04-26,-860.4301325751367,-785.5092004527422,-74.92093212239445
2018-04-27,-855.437287581768,-799.4948178785475,-55.94246970322058
2018-04-30,-881.8225254065474,-815.9603593841475,-65.86216602239983
2018-05-02,-836.3656886549434,-820.0414252383067,-16.324263416636654
2018-05-03,-807.254312981695,-817.4840027869844,10.229689805289468
2018-05-04,-799.2581717792164,-813.838836585431,14.5806648062146
2018-05-08,-783.8850335518728,-807.8480759787194,23.96304242684664
2018-05-09,-746.8732012250111,-795.6531010279778,48.77989980296661
2018-05-10,-645.3867434051099,-765.5998295034042,120.2130860982943
2018-05-11,-558.5197266697978,-724.183808936683,165.6640822668852
2018-05-14,-548.0738334820744,-688.9618138457613,140.8879803636869
2018-05-15,-509.63247746910565,-653.0959465704302,143.46346910132456
2018-05-16,-433.74101646214694,-609.2249605487735,175.4839440866266
2018-05-17,-377.3161850012839,-562.8432054392756,185.52702043799172
2018-05-18,-376.83158844361606,-525.6408820401438,148.8092935965277
2018-05-21,-372.1575416996493,-494.9442139720449,122.7866722723956
2018-05-23,-380.2886157127796,-472.01309432019184,91.72447860741227
2018-05-24,-374.26836184030253,-452.464147824214,78.19578598391149
2018-05-25,-381.32066023832886,-438.235450307037,56.91479006870816
2018-05-28,-446.55741071839657,-439.89984238930896,-6.65756832908761
2018-05-29,-492.57985157066287,-450.4358442255798,-42.14400734508308
2018-05-30,-587.080853929896,-477.7648461664431,-109.31600776345289
2018-05-31,-662.4069286679842,-514.6932626667514,-147.7136660012328
2018-06-01,-697.9198712272555,-551.3385843788523,-146.58128684840324
2018-06-04,-661.7101268366241,-573.4128928704067,-88.29723396621739
2018-06-05,-569.7998128344334,-572.690276863212,2.890464028778638
2018-06-07,-491.2968624015557,-556.4115939708809,65.11473156932516
2018-06-08,-400.1017090720743,-525.1496169911196,125.04790791904531
2018-06-11,-308.1385352774996,-481.7474006483956,173.608865370896
2018-06-12,-232.57606537829997,-431.9131335943765,199.33706821607655
2018-06-14,-202.7128645697776,-386.07307978945676,183.36021521967916
2018-06-15,-217.05123585005276,-352.268711001576,135.21747515152322
2018-06-18,-257.8000881539738,-333.3749864320556,75.57489827808183
2018-06-19,-302.82212243021786,-327.26441363168806,24.442291201470198
2018-06-20,-310.63343563889794,-323.93821803313006,13.30478239423212
2018-06-21,-329.24761623670565,-325.00009767384523,-4.247518562860421
2018-06-22,-227.99949429781918,-305.59997699864005,77.60048270082086
2018-06-25,-146.07575780099796,-273.69513315911166,127.6193753581137
2018-06-26,-112.21441715191031,-241.3989899576714,129.1845728057611
2018-06-27,-100.44026801485234,-213.20724556910758,112.76697755425525
2018-06-28,-82.09368087881376,-186.98453263104884,104.89085175223508
2018-06-29,-18.681469522893167,-153.32392000941772,134.64245048652455
2018-07-02,-16.88920741187394,-126.03697748990898,109.14777007803504
2018-07-03,24.753040195475478,-95.87897395283208,120.63201414830756
2018-07-04,105.11943885997243,-55.67929139027118,160.7987302502436
2018-07-05,158.9094157183681,-12.76154996854332,171.67096568691142
2018-07-06,167.25302247958098,23.241364521081536,144.01165795849943
2018-07-09,219.90681099642825,62.574453816150886,157.33235718027737
2018-07-10,250.59673862648197,100.1789107782171,150.41782784826486
2018-07-11,263.80854245485534,132.90483711354477,130.90370534131057
2018-07-12,287.1874936884233,163.76136842852048,123.42612525990279
2018-07-13,310.20875184933175,193.05084511268274,117.15790673664901
2018-07-16,300.69881164093385,214.580438418333,86.11837322260087
2018-07-17,249.77565265553858,221.61948126577414,28.156171389764438
2018-07-18,191.07772863387436,215.5111307393942,-24.433402105519832
2018-07-19,158.8662186039728,204.18214831230992,-45.31592970833711
2018-07-20,147.85302734289144,192.91632411842625,-45.06329677553481
2018-07-23,145.51673188372297,183.4364056714856,-37.91967378776263
2018-07-24,166.0393866449558,179.95700186617967,-13.917615221223855
2018-07-25,196.26039095481974,183.21767968390768,13.042711270912065
2018-07-26,209.7240223547924,188.51894821808463,21.205074136707765
2018-07-27,249.87103815414957,200.78936620529763,49.08167194885195
2018-07-30,230.45492759063927,206.72247848236597,23.7324491082733
2018-07-31,148.55962811676727,195.08990840924625,-46.53028029247898
2018-08-01,82.70365698348905,172.61265812409482,-89.90900114060577
2018-08-02,6.153210574411787,139.32076861415823,-133.16755803974644
2018-08-03,-21.823956390810054,107.09182361316456,-128.91578000397462
2018-08-06,-35.51747516537944,78.56996385745578,-114.08743902283521
2018-08-07,58.261306138479995,74.50823231366063,-16.246926175180633
2018-08-08,115.03657575103716,82.61390100113593,32.42267474990123
2018-08-09,262.23045848736,118.53721249838074,143.69324598897927
2018-08-10,414.61050383932525,177.75187076656965,236.8586330727556
2018-08-13,465.21469317389347,235.24443524803442,229.97025792585904
2018-08-14,555.6400301947178,299.3235542373711,256.3164759573467
2018-08-16,620.154011846993,363.4896457592955,256.66436608769743
2018-08-17,655.654664003654,421.9226494081672,233.73201459548682
2018-08-20,635.9511331975773,464.7283461660493,171.22278703152801
2018-08-21,605.2096075438421,492.82459844160786,112.38500910223428
2018-08-22,582.2843711194764,510.7165529771816,71.56781814229481
2018-08-23,573.6417001759473,523.3015824169348,50.340117759012514
2018-08-24,536.3217534233154,525.905616618211,10.41613680510443
2018-08-27,565.0275301450602,533.7299993235808,31.297530821479313
2018-08-28,541.0331668342333,535.1906328257113,5.842534008521966
2018-08-29,532.1027321396068,534.5730526884904,-2.470320548883592
2018-08-30,519.0421040211404,531.4668629550204,-12.424758933879957
2018-08-31,478.88301242951275,520.9500928499189,-42.067080420406114
2018-09-03,385.9619804140784,493.9524703627508,-107.99048994867235
2018-09-04,316.739382904394,458.50985287107943,-141.77046996668543
2018-09-05,242.8614004349256,415.3801623838487,-172.5187619489231
2018-09-06,166.2577229966264,365.5556745064042,-199.29795150977782
2018-09-07,104.34592189258547,313.3137239836405,-208.96780209105503
2018-09-10,38.61620966699775,258.374221120312,-219.75801145331423
2018-09-11,-53.36708292759795,196.02596031073,-249.39304323832795
2018-09-12,-68.74582119485058,143.0716040096139,-211.81742520446448
2018-09-13,-64.05684609147647,101.64591398939584,-165.7027600808723
2018-09-14,-75.60757105502489,66.1952169805117,-141.8027880355366
2018-09-17,-59.78426359279183,40.999320865851,-100.78358445864282
2018-09-18,-62.73997126661925,20.25146243935695,-82.99143370597619
2018-09-19,-120.42048330432954,-7.8829267093803495,-112.5375565949492
2018-09-20,-156.18247440733467,-37.54283624897121,-118.63963815836345
2018-09-21,-166.46685519279345,-63.32764003773566,-103.13921515505778
2018-09-27,-140.5589842390291,-78.77390887799436,-61.78507536103473
2018-09-28,-142.67037897053888,-91.55320289650327,-51.11717607403561
2018-10-01,-134.7215243702085,-100.18686719124432,-34.53465717896418
2018-10-02,-191.01548131444724,-118.35259001588491,-72.66289129856233
2018-10-04,-288.94361873441085,-152.4707957595901,-136.47282297482076
2018-10-05,-410.3979301747313,-204.05622264261834,-206.34170753211296
2018-10-08,-524.8889385091752,-268.22276581592973,-256.66617269324547
2018-10-10,-664.6880027198131,-347.5158131967064,-317.1721895231067
2018-10-11,-854.7107680960144,-448.954804176568,-405.75596391944634
2018-10-12,-953.8031253782683,-549.9244684169081,-403.8786569613602
2018-10-15,-1047.7723155523636,-649.4940378439992,-398.2782777083644
2018-10-16,-1090.2294039730623,-737.6411110698118,-352.5882929032505
2018-10-17,-1111.0692378756285,-812.3267364309752,-298.74250144465327
2018-10-18,-1114.7349853733576,-872.8083862194518,-241.92659915390584
2018-10-19,-1096.926269192114,-917.6319628139843,-179.2943063781297
2018-10-22,-1046.4615910536231,-943.3978884619121,-103.06370259171103
2018-10-23,-1026.986853582679,-960.1156814860656,-66.87117209661346
2018-10-24,-1020.8458273181823,-972.2617106524889,-48.58411666569339
2018-10-25,-1084.4920793637357,-994.7077843947383,-89.78429496899741
2018-10-26,-1174.807609264226,-1030.7277493686358,-144.07985989559006
2018-10-29,-1285.0684077986334,-1081.5958810546354,-203.47252674399806
2018-10-30,-1310.3830686697693,-1127.3533185776623,-183.02975009210695
2018-10-31,-1297.6537224158747,-1161.413399345305,-136.24032307056973
2018-11-01,-1248.8811152663475,-1178.9069425295133,-69.97417273683413
2018-11-02,-1114.7500855592662,-1166.0755711354639,51.32548557619771
2018-11-05,-1040.1944345288248,-1140.899343814136,100.70490928531126
2018-11-06,-952.2981901656167,-1103.1791130844322,150.8809229188155
2018-11-07,-888.6153982552314,-1060.266370118592,171.6509718633606
2018-11-08,-758.1560553253839,-999.8443071599504,241.68825183456647
2018-11-09,-639.2473843082626,-927.7249225896129,288.47753828135035
2018-11-12,-530.8232416674073,-848.3445864051719,317.5213447377646
2018-11-13,-431.8490758756525,-765.0454842992681,333.1964084236156
2018-11-14,-325.37246078666067,-677.1108795967466,351.73841881008593
2018-11-15,-222.20847505270285,-586.1303986879378,363.921923635235
2018-11-16,-162.8610962007151,-501.4765381904933,338.61544198977816
2018-11-19,-42.473707114957506,-409.6759719753862,367.20226486042867
2018-11-20,52.33092771992233,-317.2745920363245,369.60551975624685
2018-11-21,134.06867948263607,-227.0059377325324,361.0746172151685
2018-11-22,180.54619235105565,-145.4955117158148,326.04170406687047
2018-11-23,238.91408770550333,-68.61359183155119,307.5276795370545
2018-11-26,353.9554406161951,15.900214657998063,338.05522595819707
2018-11-27,408.06527049646684,94.33322582569183,313.732044670775
2018-11-28,469.82009139415095,169.43059893938366,300.38949245476726
2018-11-29,512.8494229647695,238.11436374446083,274.73505922030864
2018-11-30,548.6946323381635,300.2304174632014,248.46421487496212
2018-12-03,586.5597435869677,357.49628268795465,229.06346089901302
2018-12-04,609.5416997666653,407.9053661036968,201.63633366296847
2018-12-05,636.6353497676646,453.6513628364904,182.98398693117417
2018-12-06,674.6188607397526,497.84486241714285,176.7739983226097
2018-12-07,672.6786615214223,532.8116222379988,139.86703928342354
2018-12-10,607.4129366464149,547.731885119682,59.68105152673286
2018-12-11,485.29975691076834,535.2454594778993,-49.94570256713098
2018-12-12,432.11934820721945,514.6202372237633,-82.50088901654385
2018-12-13,409.54074482743454,493.60433874449757,-84.06359391706303
2018-12-14,363.17242884808365,467.5179567652148,-104.34552791713116
2018-12-17,330.7622390768265,440.16681322753715,-109.40457415071063
2018-12-18,269.5318939389217,406.03982936981413,-136.50793543089242
2018-12-19,210.51060479738226,366.9339844553278,-156.42337965794553
2018-12-20,81.77870470304697,309.9029285048716,-228.12422380182466
2018-12-21,3.999823378959263,248.72230747968916,-244.7224841007299
2018-12-24,-112.98362863711009,176.38112025632933,-289.3647488934394
2018-12-26,-243.39535168517614,92.42582586802823,-335.8211775532044
2018-12-27,-294.7732503503503,14.98601062435253,-309.7592609747028
2018-12-28,-307.6559544287593,-49.542382386269836,-258.11357204248947
2019-01-02,-330.197606291571,-105.67342716733006,-224.52417912424093
2019-01-03,-336.11830098418795,-151.76240193070166,-184.3558990534863
2019-01-04,-320.89242587459375,-185.58840671948008,-135.30401915511368
2019-01-07,-313.36340775881763,-211.1434069273476,-102.22000083147003
2019-01-08,-353.51174504407754,-239.6170745506936,-113.89467049338396
2019-01-09,-347.27455351493336,-261.14857034354156,-86.1259831713918
2019-01-10,-354.46450825973807,-279.8117579267809,-74.65275033295717
2019-01-11,-340.0239940767824,-291.8542051567812,-48.169788920001224
2019-01-14,-356.9036596704573,-304.8640960595164,-52.03956361094089
2019-01-15,-367.6566323188308,-317.42260331137925,-50.23402900745157
2019-01-16,-370.29606522204267,-327.99729569351194,-42.29876952853073
2019-01-17,-392.15549481604467,-340.8289355180185,-51.326559298026154
2019-01-18,-387.1831904259743,-350.0997864996097,-37.08340392636461
2019-01-21,-391.7184711411537,-358.4235234279185,-33.29494771323522
2019-01-22,-339.5142782981602,-354.64167440196684,15.127396103806632
2019-01-23,-286.7672408479739,-341.06678769116826,54.29954684319438
2019-01-24,-250.15041958816437,-322.88351407056746,72.73309448240309
2019-01-25,-210.6341018536914,-300.43363162719226,89.79952977350086
2019-01-28,-185.25084320869064,-277.39707394349193,92.14623073480129
2019-01-29,-163.25255403430128,-254.56816996165384,91.31561592735255
2019-01-30,-177.82081688588733,-239.21869934650056,61.39788246061323
2019-01-31,-196.7808995543819,-230.73113938807685,33.95023983369495
2019-02-01,-204.6068230176861,-225.50627611399872,20.899453096312612
2019-02-07,-218.0589645001237,-224.01681379122374,5.957849291100047
2019-02-08,-238.87692190659436,-226.98883541429788,-11.88808649229648
2019-02-11,-294.1060689127298,-240.4122821139843,-53.69378679874552
2019-02-12,-327.6433656393274,-257.85849881905295,-69.78486682027443
2019-02-13,-316.52138027538604,-269.5910751103196,-46.93030516506644
2019-02-14,-265.75035037172347,-268.82293016260036,3.072579790876887
2019-02-15,-206.98956796433413,-256.4562577229471,49.46668975861297
2019-02-18,-150.53608239769892,-235.2722226578975,84.73614026019857
2019-02-19,-136.65900872130442,-215.5495798705789,78.89057114927448
2019-02-20,-129.0156147159032,-198.24278683964377,69.22717212374056
2019-02-21,-134.4002420368488,-185.4742778790848,51.074035842236015
2019-02-22,-130.6258019944362,-174.5045827021551,43.8787807077189
2019-02-25,-142.21419453106864,-168.0465050679378,25.83231053686916
2019-02-26,-66.3906935893283,-147.7153427722159,81.32464918288761
2019-02-27,17.783168329006003,-114.61564055197152,132.39880888097753
2019-02-28,59.517297543323366,-79.78905293291254,139.3063504762359
2019-03-04,171.54811333752514,-29.521619678825004,201.06973301635014
2019-03-05,225.37797627215332,21.45829951137066,203.91967676078266
2019-03-06,248.94977228906282,66.9565940669091,181.99317822215372
2019-03-07,248.54648116511453,103.2745714865502,145.27190967856433
2019-03-08,293.50063790657805,141.31978477055577,152.18085313602228
2019-03-11,301.285226374599,173.31287309136442,127.97235328323458
2019-03-12,263.9850010845912,191.44729869000977,72.53770239458143
2019-03-13,239.73000974815295,201.10384090163842,38.62616884651453
2019-03-14,258.04042953016324,212.4911586273434,45.54927090281984
2019-03-15,285.47975637327545,227.08887817652982,58.39087819674563
2019-03-18,303.7244739127709,242.41599732377804,61.308476588992875
2019-03-19,234.4663526241966,240.82606838386178,-6.3597157596651925
2019-03-20,169.55510258187496,226.57187522346445,-57.01677264158948
2019-03-21,124.74366619450666,206.2062334176729,-81.46256722316625
2019-03-22,112.22480673210521,187.4099480805594,-75.18514134845418
2019-03-25,69.14906434153818,163.75777133275517,-94.60870699121699
2019-03-26,66.60084378663305,144.32638582353073,-77.72554203689768
2019-03-27,39.833994704731595,123.4279075997709,-83.59391289503931
2019-03-28,18.408867991507577,102.42409967811825,-84.01523168661068
2019-03-29,17.44720041856999,85.4287198262086,-67.98151940763861
2019-04-01,8.437948611637694,70.03056558329443,-61.59261697165674
2019-04-02,9.340239092118281,57.89250028505921,-48.552261192940925
2019-04-03,-6.093467672093539,45.095306693628665,-51.1887743657222
2019-04-04,-18.115961944087758,32.45305296608538,-50.56901491017314
2019-04-05,-27.32884535440826,20.496673301986654,-47.82551865639491
2019-04-08,-42.212684546484525,7.95480173229242,-50.16748627877695
2019-04-09,-77.40415189587293,-9.11698899334065,-68.28716290253227
2019-04-10,-72.10511176339423,-21.714613547351366,-50.39049821604287
2019-04-11,-67.1317314685657,-30.798037131594235,-36.33369433697147
2019-04-12,-62.47017446870086,-37.13246459901556,-25.3377098696853
2019-04-15,70.0079134881089,-15.704388981590673,85.71230246969957
2019-04-16,285.0832483432896,44.45313848338538,240.63010985990422
2019-04-17,450.3407528783391,125.63066136237615,324.710091515963
2019-04-18,558.6497293331122,212.23447495652337,346.4152543765888
2019-04-19,645.1180188138242,298.8111837279836,346.3068350858406
2019-04-22,721.5462454005537,383.35819606249765,338.1880493380561
2019-04-23,749.1917648585259,456.5249098217033,292.66685503682254
2019-04-24,786.3249579967269,522.4849194567081,263.8400385400188
2019-04-25,774.4683434127292,572.8816042479124,201.58673916481678
2019-04-26,740.3189349105924,606.3690703804484,133.94986453014394
2019-04-29,777.1612053444078,640.5274973732403,136.6337079711675
2019-04-30,805.2266741419044,673.4673327269732,131.7593414149312
2019-05-02,866.061708964542,711.986207974487,154.07550099005505
2019-05-03,983.8662324413708,766.3622128678637,217.5040195735071
2019-05-07,1056.9738649951105,824.4845432933132,232.48932170179728
2019-05-08,1118.2408265116283,883.2357999369763,235.005026574652
2019-05-09,1121.4301459161761,930.8746691328163,190.55547678335984
2019-05-10,1167.2288417924865,978.1455036647503,189.08333812773617
2019-05-13,1165.7978617321314,1015.6759752782266,150.12188645390484
2019-05-14,1239.4596538588376,1060.4327109943488,179.02694286448877
2019-05-15,1250.9786117488911,1098.5418911452573,152.43672060363383
2019-05-16,1269.7586658023647,1132.785246076679,136.97341972568574
2019-05-17,1125.933823071584,1131.41496147566,-5.481138404076091
2019-05-20,1032.4079910395303,1111.6135673884341,-79.20557634890383
2019-05-21,923.356037270376,1073.9620613648226,-150.60602409444664
2019-05-22,835.3711044054253,1026.2438699729432,-190.87276556751794
2019-05-23,732.905745557895,967.5762450899335,-234.67049953203855
2019-05-24,644.2744160271177,902.9158792773704,-258.64146325025274
2019-05-27,535.5031531066852,829.4333340432335,-293.93018093654825
2019-05-28,460.2150906692332,755.5896853684335,-295.3745946992003
2019-05-29,371.9727045353902,678.8662892018249,-306.89358466643466
2019-05-30,346.6207187663131,612.4171751147226,-265.7964563484095
2019-05-31,322.80795819206105,554.4953317301903,-231.68737353812924
2019-06-03,268.40413770576924,497.27709292530614,-228.8729552195369
2019-06-04,174.69853319137474,432.7613809785199,-258.0628477871452
2019-06-05,115.32578283746261,369.2742613503085,-253.9484785128459
2019-06-07,59.517208824134286,307.3228508450737,-247.8056420209394
2019-06-10,79.09149176157007,261.67657902837294,-182.58508726680287
2019-06-11,101.58312093749191,229.65788741019674,-128.07476647270482
2019-06-12,109.99014526691826,205.72433898154105,-95.73419371462279
2019-06-13,155.3689803367888,195.6532672525906,-40.2842869158018
2019-06-14,165.14021601446802,189.5506570049661,-24.410440990498074
2019-06-17,114.9138027589288,174.62328615575865,-59.70948339682985
2019-06-18,66.19608521958435,152.93784596852382,-86.74176074893947
2019-06-19,43.30674999394978,131.011626773609,-87.70487677965923
2019-06-20,24.879985928349925,109.7852986045572,-84.90531267620727
2019-06-21,82.19371794614926,104.26698247287563,-22.073264526726362
2019-06-24,118.18375051911062,107.05033608212263,11.13341443698799
2019-06-25,217.06843415297772,129.05395569629366,88.01447845668406
2019-06-26,276.03428675327086,158.45002190768912,117.58426484558174
2019-06-27,351.15529050844634,196.9910756278406,154.16421488060575
2019-06-28,406.00900808861843,238.7946621199962,167.21434596862224
2019-07-01,412.2903080948636,273.4937913149697,138.79651677989386
2019-07-02,444.5814655573704,307.7113261634499,136.8701393939205
2019-07-03,456.757369944713,337.5205349197025,119.23683502501046
2019-07-04,485.1030799924083,367.0370439342437,118.06603605816463
2019-07-05,517.8172051865586,397.1930761847067,120.62412900185188
2019-07-08,449.47850321403894,407.6501615905732,41.82834162346575
2019-07-09,438.8373150223051,413.88759227691963,24.949722745385486
2019-07-10,425.4992067236817,416.209915166272,9.289291557409683
2019-07-11,402.22292008830846,413.4125161506794,-11.189596062370924
2019-07-12,395.4369642333804,409.8174057672196,-14.380441533839189
2019-07-15,409.625324013894,409.7789894165545,-0.15366540266052198
2019-07-16,416.0734654486114,411.0378846229659,5.035580825645468
2019-07-17,384.3154740889295,405.69340251615864,-21.377928427229165
2019-07-18,363.1111734613878,397.17695670520453,-34.065783243816725
2019-07-19,398.36009834338256,397.41358503284016,0.9465133105424002
2019-07-22,405.482645207132,399.02739706769853,6.455248139433479
2019-07-23,438.43070733448985,406.90805912105685,31.522648213433
2019-07-24,459.24835478658133,417.3761182541618,41.87223653241955
2019-07-25,390.23370985831207,411.94763657499186,-21.713926716679794
2019-07-26,331.7152990471841,395.90116906943035,-64.18587002224626
2019-07-29,250.09870597239933,366.7406764500242,-116.64197047762485
2019-07-30,135.28116204233083,320.4487735684855,-185.16761152615464
2019-07-31,59.81691922484242,268.3224026997569,-208.50548347491446
2019-08-01,-8.046141891136358,213.04869378157824,-221.0948356727146
2019-08-02,-29.055136874983873,164.62792765026583,-193.6830645252497
2019-08-05,-141.30941913440984,103.4404582933307,-244.74987742774056
2019-08-06,-235.6247751025112,35.62741161416233,-271.2521867166735
2019-08-07,-282.82199387977016,-28.06246948462417,-254.759524395146
2019-08-08,-260.4970570940932,-74.54938700651797,-185.9476700875752
2019-08-09,-160.02598631221917,-91.64470686765821,-68.38127944456096
2019-08-12,-111.47428143967045,-95.61062178206068,-15.863659657609773
2019-08-13,-48.1534382325226,-86.11918507215307,37.96574683963047
2019-08-14,-14.02852189378973,-71.70105243648041,57.67253054269068
2019-08-16,-3.1667951680683473,-57.994200982798006,54.82740581472966
2019-08-19,21.413381556278182,-42.11268447498277,63.52606603126095
2019-08-20,64.4387236445109,-20.802402851084036,85.24112649559494
2019-08-21,89.4364848401965,1.2453746871720703,88.19111015302443
2019-08-22,132.01380218906343,27.399060187550344,104.61474200151308
2019-08-23,163.8676684630882,54.692781842657915,109.17488662043027
2019-08-26,178.89998342463878,79.5342221590541,99.36576126558468
2019-08-27,212.72986000790843,106.17334972882497,106.55651027908345
2019-08-28,228.7534971029745,130.68937920365488,98.06411789931963
2019-08-29,230.72354329309383,150.6962120215427,80.02733127155113
2019-08-30,253.64909465807796,171.28678854884976,82.3623061092282
2019-09-02,308.7657050476482,198.78257184860948,109.98313319903875
2019-09-03,356.4067450389339,230.30740648667438,126.0993385522595
2019-09-04,405.70491887781463,265.38690896490243,140.3180099129122
2019-09-05,383.62565429143797,289.0346580302096,94.59099626122838
2019-09-06,377.9894708771353,306.82562059959474,71.16385027754058
2019-09-09,321.2432933203236,309.70915514374053,11.534138176583042
2019-09-10,313.16872921376125,310.4010699577447,2.767659256016543
2019-09-11,263.2280453215608,300.96646503050795,-37.73841970894716
2019-09-16,205.066791043384,281.78653023308317,-76.71973918969917
2019-09-17,157.16191329218054,256.86160684490267,-99.69969355272212
2019-09-18,197.92975080001634,245.07523563592542,-47.14548483590909
2019-09-19,203.60335852496064,236.78086021373247,-33.17750168877183
2019-09-20,205.7282265883805,230.57033348866207,-24.84210690028158
2019-09-23,189.01434001027883,222.25913479298544,-33.244794782706606
2019-09-24,229.76540505580488,223.76038884554933,6.0050162102555475
2019-09-25,227.08586450679286,224.42548397779805,2.660380528994807
2019-09-26,230.3758442532162,225.6155560328817,4.760288220334502
2019-09-27,214.37368201177378,223.36718122866012,-8.993499216886335
2019-09-30,199.3933704891424,218.5724190807566,-19.17904859161419
2019-10-01,217.37297404846322,218.33253007429795,-0.9595560258347291
2019-10-02,196.99376915564062,214.0647778905665,-17.07100873492587
2019-10-04,146.7138363289996,200.59458957825314,-53.88075324925353
2019-10-07,121.68296204796934,184.81226407219637,-63.12930202422703
2019-10-08,100.68517778735622,167.98684681522835,-67.30166902787212
2019-10-10,115.07511686764701,157.4045008257121,-42.32938395806508
2019-10-11,101.0264923081304,146.12889912219575,-45.10240681406535
2019-10-14,80.89122813975337,133.08136492570728,-52.19013678595391
2019-10-15,56.21669093501987,117.7084301275698,-61.49173919254993
2019-10-16,4.17576644771907,95.00189739159966,-90.82613094388059
2019-10-17,-60.65602073119226,63.870313767041274,-124.52633449823352
2019-10-18,-78.77031529322994,35.34218795498703,-114.11250324821697
2019-10-21,-76.03057097240162,13.067636169509303,-89.09820714191092
2019-10-22,-32.972018345288234,3.8597052665497964,-36.83172361183803
2019-10-23,65.19604446336598,16.126973105913034,49.06907135745294
2019-10-24,133.38816154179221,39.579210793088876,93.80895074870334
2019-10-25,193.27214886486763,70.31779840744463,122.954350457423
2019-10-28,237.98727113947098,103.85169295384989,134.13557818562109
2019-10-29,262.3311729655652,135.54758895619295,126.78358400937225
2019-10-30,254.32333339380784,159.30273784371593,95.02059555009191
2019-10-31,301.23088548552187,187.68836737207712,113.54251811344474
2019-11-01,398.6059660646679,229.8718871105953,168.73407895407257
2019-11-04,486.38865351482673,281.1752403914416,205.21341312338512
2019-11-05,581.60997669071,341.26218765129533,240.3477890394147
2019-11-06,689.6311275927146,410.9359756395792,278.6951519531354
2019-11-07,766.4040392385286,482.0295883593692,284.37445087915944
2019-11-08,833.7742231292577,552.378515313347,281.3957078159108
2019-11-11,909.1238062558405,623.7275735018457,285.3962327539948
2019-11-12,949.8207866968332,688.9462161408433,260.87457055599
2019-11-13,970.8817168235728,745.3333162773893,225.54840054618353
2019-11-14,992.2726824006677,794.721189502045,197.55149289862266
2019-11-15,1013.7582231530832,838.5285962322527,175.22962692083058
2019-11-18,1051.027427752233,881.0283625362488,169.99906521598427
2019-11-19,1052.2950105264717,915.2816921342935,137.01331839217823
2019-11-20,1041.2961650017132,940.4845867077775,100.81157829393578
2019-11-21,980.7666288783075,948.5409951418835,32.225633736424015
2019-11-22,906.1321874268833,940.0592335988836,-33.927046172000246
2019-11-25,893.4113892820133,930.7296647355095,-37.3182754534962
2019-11-26,889.2180415698531,922.4273401023783,-33.20929853252517
2019-11-27,875.7991162504186,913.1016953319863,-37.30257908156773
2019-11-28,847.327888535754,899.9469339727399,-52.61904543698586
2019-11-29,791.3538168101804,878.228310540228,-86.87449373004756
2019-12-02,754.515398030202,853.4857280382228,-98.97033000802071
2019-12-03,725.0321309173378,827.7950086140459,-102.76287769670807
2019-12-04,677.6360426560641,797.7632154224495,-120.12717276638546
2019-12-05,528.7572151846252,743.9620153748847,-215.20480019025945
2019-12-06,470.1455159954967,689.1987154990071,-219.05319950351043
2019-12-09,386.7985093260031,628.7186742644064,-241.92016493840333
2019-12-10,285.1015837664163,559.9952561648084,-274.89367239839214
2019-12-11,210.1526924161226,490.0267434150713,-279.8740509989487
2019-12-12,141.05994058992655,420.23338285004235,-279.1734422601158
2019-12-13,109.33131804131699,358.0529698882973,-248.7216518469803
2019-12-16,91.20397766230235,304.68317144309833,-213.47919378079598
2019-12-17,59.928095853534614,255.7321563251856,-195.80406047165098
2019-12-18,42.79823864320497,213.14537278878947,-170.3471341455845
2019-12-19,12.855493095019483,173.08739685003547,-160.231903755016
2019-12-20,-10.75042427857261,136.31983262431388,-147.07025690288648
2019-12-23,-53.13397294131937,98.42907151118723,-151.5630444525066
2019-12-24,-117.72354556380014,55.198548096189754,-172.9220936599899
2019-12-26,-142.97493670033873,15.563851136884061,-158.5387878372228
2019-12-27,-73.06107007854007,-2.161133106200765,-70.8999369723393
2019-12-30,-17.45264386398412,-5.2194352577574366,-12.233208606226686
2020-01-02,10.279913926497102,-2.119565420906529,12.39947934740363
2020-01-03,31.890551352931652,4.682457933861107,27.208093419070543
2020-01-06,80.44714134397145,19.835394615883175,60.61174672808828
2020-01-07,205.64165325895738,56.99664634449802,148.64500691445937
2020-01-08,293.4078189671782,104.27888086903405,189.12893809814412
2020-01-09,430.8609935936547,169.59530341395822,261.2656901796965
2020-01-10,549.67631851646,245.6115064344586,304.0648120820014
2020-01-13,668.489734697956,330.1871520871581,338.3025826107979
2020-01-14,753.9590523934567,414.9415321484178,339.01752024503884
2020-01-15,860.3528591076683,504.023797540268,356.32906156740034
2020-01-16,957.916635204474,594.8023650731093,363.1142701313647
2020-01-17,975.4162702067661,670.9251460998407,304.4911241069253
2020-01-20,978.0109555195922,732.3423079837911,245.66864753580114
2020-01-21,912.8984046334044,768.4535273137138,144.4448773196906
2020-01-22,867.4353131455537,788.2498844800818,79.18542866547182
2020-01-23,813.9535712317629,793.390621830418,20.562949401344895
2020-01-28,714.7533053878324,777.6631585419009,-62.909853154068514
2020-01-29,644.9211506054053,751.1147569546018,-106.19360634919656
2020-01-30,558.8484236322147,712.6614902901244,-153.81306665790976
2020-01-31,436.9413193240798,657.5174560969156,-220.57613677283575
2020-02-03,344.507647067574,594.9154942910473,-250.40784722347325
2020-02-04,348.173486216263,545.5670926760904,-197.39360645982742
2020-02-05,323.0663973872761,501.0669536183276,-178.00055623105152
2020-02-06,347.73672497268853,470.4009078891998,-122.66418291651127
2020-02-07,387.1936856168395,453.75946343472776,-66.56577781788826
2020-02-10,437.706191128731,450.5488089735284,-12.842617844797417
2020-02-11,488.24782717219205,458.08861261326115,30.1592145589309
2020-02-12,554.350273335338,477.34094475767654,77.00932857766145
2020-02-13,711.902329180135,524.2532216421682,187.64910753796676
2020-02-14,843.2618905493655,588.0549554236077,255.2069351257578
2020-02-17,944.5463116728351,659.3532266734533,285.1930849993819
2020-02-18,1037.1475383459547,734.9120890079536,302.2354493380011
2020-02-19,1225.992971912121,833.128265588787,392.86470632333396
2020-02-20,1367.9545740290632,940.0935272768423,427.8610467522209
2020-02-21,1447.5546375220656,1041.585749325887,405.96888819617857
2020-02-24,1397.3774264408275,1112.7440847488751,284.6333416919524
2020-02-25,1374.128871588684,1165.021042116837,209.10782947184703
2020-02-26,1316.2432075696051,1195.2654752073906,120.97773236221451
2020-02-27,1167.822892938486,1189.7769587536097,-21.95406581512384
2020-02-28,934.2078556298948,1138.6631381288669,-204.4552824989721
2020-03-02,788.5526798966239,1068.6410464824182,-280.08836658579435
2020-03-03,665.4490216452323,988.0026415149812,-322.5536198697489
2020-03-04,633.4510099480467,917.0923152015944,-283.64130525354767
2020-03-05,601.1625277357525,853.9063577084261,-252.74382997267355
2020-03-06,504.95744876331446,784.1165759194038,-279.1591271560893
2020-03-09,295.7944102662368,686.4521427887704,-390.6577325225336
2020-03-10,216.6177344036696,592.4852611117503,-375.86752670808073
2020-03-11,88.05916802240972,491.60004249388226,-403.54087447147253
2020-03-12,-141.7808388919293,364.92386621672,-506.7047051086493
2020-03-13,-352.3075583958562,221.4775812942048,-573.785139690061
2020-03-16,-697.3492040653582,37.71222422229221,-735.0614282876504
2020-03-17,-959.7339782615163,-161.7770162744695,-797.9569619870468
2020-03-18,-1258.391747466354,-381.09996251284645,-877.2917849535075
2020-03-19,-1590.1220025702423,-622.9043705243257,-967.2176320459166
2020-03-20,-1583.7326354571014,-815.0700235108809,-768.6626119462205
2020-03-23,-1656.80384201567,-983.4167872118387,-673.3870548038312
2020-03-24,-1519.0356552223493,-1090.5405608139408,-428.4950944084085
2020-03-25,-1393.7866694985532,-1151.1897825508634,-242.59688694768988
2020-03-26,-1343.8304935668202,-1189.7179247540548,-154.1125688127654
2020-03-27,-1257.308355801877,-1203.2360109636193,-54.07234483825778
2020-03-30,-1167.2148478002673,-1196.0317783309488,28.816930530681475
2020-03-31,-1043.281588279915,-1165.4817403207421,122.2001520408271
2020-04-01,-1014.3847999003774,-1135.2623522366691,120.87755233629173
2020-04-02,-876.0823611426204,-1083.4263540178595,207.3439928752391
2020-04-03,-749.7646970316418,-1016.694022620616,266.92932558897417
2020-04-06,-594.1509750411933,-932.1854131047315,338.03443806353823
2020-04-07,-473.5174210596015,-840.4518146957056,366.9343936361041
2020-04-08,-405.59634690240637,-753.4807211370457,347.8843742346394
2020-04-09,-347.7596495211001,-672.3365068138567,324.5768572927566
2020-04-10,-250.46013277482416,-587.9612320060502,337.501099231226
2020-04-13,-227.45384321264282,-515.8597542473688,288.40591103472593
2020-04-14,-174.7685298153483,-447.6415093609647,272.8729795456164
2020-04-16,-35.45361442070862,-365.2039303729135,329.75031595220486
2020-04-17,178.20284196449938,-256.5225759054309,434.7254178699303
2020-04-20,391.5894919305247,-126.90016233823981,518.4896542687645
2020-04-21,562.2874143605404,10.937353001516229,551.3500613590242
2020-04-22,713.6286651035916,151.4756154219313,562.1530496816604
2020-04-23,960.1595177928393,313.2123958961129,646.9471218967265
2020-04-24,1102.4026699819296,471.0504507132763,631.3522192686534
2020-04-27,1217.238157651649,620.2879921009509,596.9501655506982
2020-04-28,1309.3715094424406,758.1046955692489,551.2668138731917
2020-04-29,1350.5999587435654,876.6037482041122,473.99621053945316
2020-05-04,1407.55558188555,982.7941149403998,424.76146694515023
2020-05-06,1644.3435421035101,1115.104000373022,529.2395417304881
2020-05-07,1915.14500903093,1275.1122021046035,640.0328069263264
2020-05-08,2105.4863861503545,1441.1870389137537,664.2993472366009
2020-05-11,2254.6314948775325,1603.8759301065095,650.755564771023
2020-05-12,2457.8690416594836,1774.6745524171045,683.1944892423792
2020-05-13,2621.159210315891,1943.971483996862,677.187726319029
2020-05-14,2855.3135109975046,2126.2398893969907,729.0736216005139
2020-05-15,2950.148777787974,2291.0216670751875,659.1271107127864
2020-05-18,2982.8527756689655,2429.387888793943,553.4648868750223
2020-05-19,2958.4487537732275,2535.2000617898,423.2486919834273
2020-05-20,3089.728237999945,2646.1056970318295,443.6225409681156
2020-05-21,3253.4973126733094,2767.584020160126,485.9132925131835
2020-05-22,3496.854880435363,2913.4381922151733,583.4166882201898
2020-05-25,3983.9087596741665,3127.532305706972,856.3764539671947
2020-05-26,4352.091613668403,3372.4441672992584,979.6474463691443
2020-05-27,4438.832121912674,3585.721758221942,853.1103636907319
2020-05-28,4560.308792224721,3780.6391650224978,779.6696272022236
2020-05-29,4547.433718626184,3933.9980757432354,613.4356428829483
2020-06-01,4493.580783828162,4045.914617360221,447.66616646794046
2020-06-02,4328.1452276892305,4102.360739426023,225.7844882632071
2020-06-03,3989.024547207853,4079.6935009823897,-90.66895377453648
2020-06-04,3749.986697289867,4013.752140243885,-263.765442954018
2020-06-05,3471.868875305241,3905.3754872561567,-433.5066119509156
2020-06-08,3302.473215627193,3784.795032930364,-482.321817303171
2020-06-09,3100.132192054625,3647.8624647552165,-547.7302727005913
2020-06-10,3026.3307383489955,3523.5561194739726,-497.22538112497705
2020-06-11,2982.043779025793,3415.253651384337,-433.2098723585441
2020-06-12,2929.3968020172906,3318.0822815109277,-388.6854794936371
2020-06-15,2638.663167016137,3182.1984586119697,-543.5352915958329
2020-06-16,2548.8899411090606,3055.5367551113877,-506.6468140023271
2020-06-17,2449.507613790309,2934.330926847172,-484.8233130568633
2020-06-18,2351.7065583264484,2817.8060531430274,-466.09949481657895
2020-06-19,2248.2817250333756,2703.901187521097,-455.61946248772165
2020-06-22,2309.7889727378497,2625.078744564448,-315.2897718265981
2020-06-23,2451.7130104238386,2590.405597736326,-138.69258731248738
2020-06-24,2551.0014956715604,2582.5247773233727,-31.52328165181234
2020-06-25,2471.6064172112747,2560.341105300953,-88.73468808967846
2020-06-26,2381.235841013484,2524.5200524434595,-143.28421142997558
2020-06-29,2171.2163201632065,2453.8593059874092,-282.6429858242027
2020-06-30,1981.9279055920342,2359.4730259083344,-377.5451203163002
2020-07-01,1843.1073197531732,2256.199884677302,-413.09256492412896
2020-07-02,1969.4888286286732,2198.857673467576,-229.368844838903
2020-07-03,2182.152531267566,2195.516645027574,-13.364113760008422
2020-07-06,2428.004121297825,2242.0141402816243,185.98998101620055
2020-07-07,2753.055889882242,2344.222490201748,408.83339968049404
2020-07-08,3256.591538888475,2526.6962999390935,729.8952389493816
2020-07-09,4054.2494799744018,2832.206935946155,1222.0425440282465
2020-07-10,4632.992887036315,3192.364126164187,1440.6287608721277
2020-07-13,4977.626691577279,3549.4166392468055,1428.210052330474
2020-07-14,5046.765692951798,3848.8864499878046,1197.8792429639934
2020-07-15,4955.353050804173,4070.1797701510786,885.1732806530945
2020-07-16,4579.091259368812,4171.962067994626,407.1291913741861
2020-07-17,4280.138673379639,4193.597389071629,86.54128430801029
2020-07-20,3757.026092637352,4106.283129784773,-349.2570371474212
2020-07-21,3400.4105254730384,3965.108608922427,-564.6980834493884
2020-07-22,3114.2483514785054,3794.9365574336425,-680.6882059551372
2020-07-23,3038.7509404972807,3643.6994340463707,-604.94849354909
2020-07-24,2864.8797388396633,3487.935495005029,-623.0557561653659
2020-07-27,2728.0760368134434,3335.963603366712,-607.8875665532687
2020-07-28,2637.827255604134,3196.3363338141967,-558.5090782100629
2020-07-29,2569.047415561472,3070.878550163652,-501.8311346021801
2020-07-30,2493.860390849288,2955.4749183007793,-461.61452745149154
2020-07-31,2590.7268485152526,2882.525304343674,-291.79845582842154
2020-08-03,2997.346131888684,2905.4894698526764,91.85666203600749
2020-08-04,3345.8216828862423,2993.5559124593897,352.26577042685267
2020-08-05,3588.6920241762127,3112.583134802754,476.1088893734586
2020-08-06,3633.975715794557,3216.8616510011148,417.11406479344214
2020-08-07,3451.9845828369,3263.8862373682723,188.09834546862749
2020-08-10,3318.082873735184,3274.7255646416547,43.35730909352924
2020-08-11,3119.281444966211,3243.6367407065663,-124.35529574035536
2020-08-12,2951.9893689225282,3185.3072663497587,-233.3178974272305
2020-08-13,2891.3817381883273,3126.5221607174726,-235.14042252914533
2020-08-14,2842.9355119642278,3069.804830966824,-226.86931900259606
2020-08-18,3020.751881595337,3059.994241092527,-39.24235949718968
2020-08-19,3101.630782228298,3068.3215493196813,33.30923290861665
2020-08-20,2937.560054436719,3042.169250343089,-104.60919590637013
2020-08-21,2863.60652064631,3006.4567044037335,-142.85018375742357
2020-08-24,2933.1345893786493,2991.7922813987166,-58.657692020067316
2020-08-25,2970.216300329863,2987.477085184946,-17.26078485508333
2020-08-26,3141.55705619957,3018.293079387871,123.2639768116992
2020-08-27,3536.1909013259865,3121.872643775494,414.3182575504925
2020-08-28,3724.9873224213225,3242.49557950466,482.4917429166626
2020-08-31,3854.4661443914956,3364.8896924820274,489.57645190946823
2020-09-01,3823.91574970269,3456.69490392616,367.22084577653004
2020-09-02,3924.5624119869317,3550.2684055383143,374.29400644861744
2020-09-03,3926.6239005345706,3625.539504537566,301.0843959970048
2020-09-04,3755.456988137026,3651.5230012574584,103.93398687956778
2020-09-07,3418.4520626046287,3604.9088135268926,-186.45675092226384
2020-09-08,3083.391769807393,3500.6054047829925,-417.2136349755997
2020-09-09,2689.6961926037766,3338.4235623471495,-648.727369743373
2020-09-10,2374.6048293518834,3145.6598157480967,-771.0549863962133
2020-09-11,1996.5747888627666,2915.842810371031,-919.2680215082646
2020-09-14,1589.5760415979457,2650.5894566164143,-1061.0134150184685
2020-09-15,1372.7243046628428,2395.0164262257,-1022.2921215628571
2020-09-16,1123.1256582930364,2140.638272639167,-1017.5126143461307
2020-09-17,818.6466543475399,1876.2399489808417,-1057.5932946333019
2020-09-18,602.8337976455368,1621.558718713781,-1018.7249210682442
2020-09-21,290.78858173776825,1355.4046913185784,-1064.6161095808102
2020-09-22,-141.1190783807251,1056.0999373787179,-1197.219015759443
2020-09-23,-277.7519280076958,789.3295643014352,-1067.0814923091311
2020-09-24,-597.8175289631909,511.90014564851,-1109.7176746117009
2020-09-25,-849.8254211196327,239.55503229488144,-1089.380453414514
2020-09-28,-757.3435654459754,40.17531274671006,-797.5188781926854
2020-09-29,-748.2897632464155,-117.51770245191506,-630.7720607945005
2020-10-05,-636.6232257596275,-221.33880711345756,-415.28441864616997
2020-10-06,-365.74348014166753,-250.21974171909955,-115.52373842256799
2020-10-07,-165.38193038238387,-233.25217945175643,67.87024906937256
2020-10-08,-30.530209854390705,-192.7077855322833,162.1775756778926
2020-10-12,-44.58620989820338,-163.08347040546732,118.49726050726395
2020-10-13,-47.1134326117608,-139.88946284672602,92.77603023496522
2020-10-14,-104.55654519233212,-132.82287931584725,28.266334123515122
2020-10-15,-252.4728693486977,-156.75287732241736,-95.71999202628035
2020-10-16,-437.5187316438678,-212.90604818670744,-224.61268345716036
2020-10-19,-649.5459031669452,-300.234019182755,-349.3118839841902
2020-10-20,-816.318805036397,-403.4509763534834,-412.86782868291357
2020-10-21,-921.6443685519334,-507.0896547931734,-414.55471375876004
2020-10-22,-1065.695515254396,-618.810826885418,-446.884688368978
2020-10-23,-1310.5595701893326,-757.160575546201,-553.3989946431316
2020-10-26,-1655.5492477572843,-936.8383099884177,-718.7109377688666
2020-10-27,-1834.9394595525955,-1116.4585399012533,-718.4809196513422
2020-10-28,-1754.4282071466296,-1244.0524733503285,-510.3757337963011
2020-10-29,-1727.4358788268873,-1340.7291544456402,-386.7067243812471
2020-10-30,-1894.7275204131001,-1451.5288276391323,-443.1986927739679
2020-11-02,-1932.1699459246447,-1547.6570512962348,-384.51289462840987
2020-11-03,-1907.4177727963688,-1619.6091955962615,-287.80857720010727
2020-11-04,-1498.060169658318,-1595.299390408673,97.23922075035489
2020-11-05,-1104.1867179728579,-1497.07685592151,392.8901379486522
2020-11-06,-662.9561023449642,-1330.252705206201,667.2966028612368
2020-11-09,-293.6733567408228,-1122.9368355131253,829.2634787723025
2020-11-10,-249.1735035553429,-948.1841691215689,699.010665566226
2020-11-11,-219.52634218716412,-802.452603734688,582.9262615475238
2020-11-12,-161.72840844072925,-674.3077646758962,512.579356235167
2020-11-13,13.51189188414719,-536.7438333638876,550.2557252480348
2020-11-16,94.57466972403927,-410.4801327463022,505.0548024703415
2020-11-17,157.0076190889231,-296.98258237925717,453.99020146818026
2020-11-18,260.21283447064343,-185.54349900927704,445.7563334799205
2020-11-19,338.10623302361637,-80.81355260269835,418.9197856263147
2020-11-20,395.2807619978994,14.405310317421197,380.8754516804782
2020-11-23,459.5823928239406,103.44072681872508,356.14166600521554
2020-11-24,600.7693412736844,202.90644970971698,397.8628915639674
2020-11-25,608.4939380217984,284.02394737213325,324.46999064966514
2020-11-26,719.6913407387183,371.1574260454503,348.533914693268
2020-11-27,782.5760141979845,453.4411436759571,329.13487052202737
2020-11-30,742.835219737899,511.3199588883455,231.5152608495535
2020-12-01,807.3364751353802,570.5232621377525,236.81321299762772
2020-12-02,824.659835060651,621.3505767223321,203.30925833831884
2020-12-03,844.8686232065374,666.0541860191732,178.8144371873642
2020-12-04,1099.2445270449825,752.6922542243351,346.55227282064743
2020-12-07,1213.9009243309993,844.9339882456679,368.9669360853313
2020-12-08,1121.8180341780972,900.3107974321538,221.50723674594337
2020-12-09,1044.866276546294,929.221893254982,115.64438329131212
2020-12-10,900.6349419168691,923.5045029873595,-22.869561070490363
2020-12-11,841.4265180115617,907.0889059921999,-65.66238798063819
2020-12-14,769.4150574816304,879.554136290086,-110.13907880845568
2020-12-15,664.1819752148003,836.4797040750288,-172.29772886022852
2020-12-16,590.1995663138514,787.2236765227934,-197.02411020894203
2020-12-17,477.48742753033,725.2764267243008,-247.78899919397077
2020-12-18,351.75014013548207,650.571169406537,-298.82102927105495
2020-12-21,449.37761992430023,610.3324595100896,-160.9548395857894
2020-12-22,464.66550158307655,581.199067924687,-116.53356634161048
2020-12-23,495.35924930337933,564.0311042004255,-68.67185489704616
2020-12-24,457.76193769616657,542.7772708995738,-85.01533320340718
2020-12-28,407.05450623530487,515.6327179667201,-108.5782117314152
2020-12-29,546.8016239655553,521.8664991664872,24.93512479906815
2020-12-30,730.1499170708412,563.523182747358,166.62673432348322
2021-01-04,969.5008599075081,644.718718179388,324.7821417281201
2021-01-05,1097.9552925013995,735.3660330437904,362.58925945760916
2021-01-06,1226.1295027387678,833.5187269827859,392.6107757559819
2021-01-07,1424.6576788194507,951.7465173501189,472.9111614693318
2021-01-08,2068.3631423718907,1175.0698423544732,893.2933000174176
2021-01-11,2853.290634985664,1510.7140008807114,1342.5766341049525
2021-01-12,3507.780372674679,1910.127275239505,1597.6530974351738
2021-01-13,3932.559735562958,2314.613767304196,1617.9459682587622
2021-01-14,4172.525792121422,2686.196172267641,1486.3296198537805
2021-01-15,4088.823690654448,2966.7216759450025,1122.1020147094455
2021-01-18,3816.5462756515044,3136.6865958863027,679.8596797652017
2021-01-19,3759.878257906719,3261.324928290386,498.55332961633303
2021-01-20,3736.689602888364,3356.397863209982,380.2917396783819
2021-01-21,3836.041060034797,3452.326502574945,383.7145574598517
2021-01-22,4014.2333291947143,3564.707867898899,449.52546129581515
2021-01-25,4276.255952277905,3707.0174847747003,569.2384675032044
2021-01-26,4232.663922473803,3812.146772314521,420.51715015928175
2021-01-27,4214.332116530728,3892.5838411577624,321.7482753729655
2021-01-28,4039.8632416006294,3922.039721246336,117.82352035429358
2021-01-29,3584.95043940068,3854.6218648772046,-269.67142547652475
2021-02-01,3195.6603471995622,3722.8295613416763,-527.169214142114
2021-02-02,2918.3001855354523,3561.9236861804316,-643.6235006449792
2021-02-03,2931.94336160447,3435.9276212652394,-503.98425966076957
2021-02-04,2789.083247566188,3306.5587465254293,-517.4754989592411
2021-02-05,2653.4283633758896,3175.9326698955215,-522.5043065196319
2021-02-08,2548.8961508236534,3050.5253660811477,-501.62921525749425
2021-02-09,2502.0074241707916,2940.821777699077,-438.8143535282852
2021-02-10,2893.0546334977844,2931.268348858818,-38.21371536103379
2021-02-15,3366.609516776807,3018.336582442416,348.27293433439127
2021-02-16,3891.4333197244414,3192.955929898821,698.4773898256203
2021-02-17,4178.1820733760105,3390.0011585942593,788.1809147817512
2021-02-18,4227.193979246891,3557.4397227247855,669.7542565221056
2021-02-19,4265.443261860855,3699.0404305519996,566.4028313088556
2021-02-22,4030.619272320677,3765.3561989057353,265.2630734149416
2021-02-23,3744.7073799764185,3761.2264351198723,-16.519055143453897
2021-02-24,3261.845271957689,3661.3502024874356,-399.5049305297466
2021-02-25,3022.499229812456,3533.5800079524397,-511.0807781399835
2021-02-26,2856.5329662535223,3398.1705996126566,-541.6376333591343
2021-03-02,2750.029107724389,3268.5423012350034,-518.5131935106142
2021-03-03,2667.2351546576974,3148.2808719195427,-481.0457172618453
2021-03-04,2387.858295079437,2996.1963565515216,-608.3380614720845
2021-03-05,1965.6244786568132,2790.0819809725804,-824.4575023157672
2021-03-08,1340.2318933837232,2500.111963454809,-1159.8800700710858
2021-03-09,626.8532936013071,2125.460229484109,-1498.6069358828017
2021-03-10,364.9657491153339,1773.3613334103538,-1408.39558429502
2021-03-11,459.8747584312805,1510.6640184145394,-1050.789259983259
2021-03-12,560.9815348647971,1320.727521704591,-759.7459868397939
2021-03-15,601.8146897928673,1176.9449553222462,-575.1302655293789
2021-03-16,626.9481907787558,1066.9456024135482,-439.99741163479234
2021-03-17,735.5405554739555,1000.6645930256296,-265.1240375516742
2021-03-18,1020.3631710559421,1004.6043086316922,15.758862424249855
2021-03-19,1143.8981186366436,1032.4630706326825,111.43504800396113
2021-03-22,1251.6602784946008,1076.3025122050663,175.35776628953454
2021-03-23,1265.7456142409064,1114.1911326122345,151.55448162867197
2021-03-24,1286.3680782673327,1148.6265217432542,137.74155652407853
2021-03-25,1175.7860420684738,1154.0584258082981,21.727616260175637
2021-03-26,1235.8509875871096,1170.4169381640604,65.43404942304915
2021-03-29,1148.7696658414643,1166.0874836995413,-17.317817858076978
2021-03-30,1163.4977509029413,1165.5695371402212,-2.0717862372798663
2021-03-31,1233.8118032912462,1179.2179903704264,54.5938129208198
2021-04-01,1290.874815238887,1201.5493553441186,89.32545989476853
2021-04-02,1352.9398551951308,1231.827455314321,121.11239988080979
2021-04-05,1402.1026089477964,1265.8824860410161,136.22012290678026
2021-04-06,2097.1206911306654,1432.130127058946,664.9905640717193
2021-04-07,2585.7631123152096,1662.8567241101987,922.9063882050109
2021-04-08,3035.1808142425143,1937.3215421366617,1097.8592721058526
2021-04-09,3512.8820814021747,2252.4336499897645,1260.4484314124102
2021-04-12,3847.116611724967,2571.370242336805,1275.7463693881618
2021-04-13,4065.1394874852704,2870.1240913664983,1195.015396118772
2021-04-14,4189.628754961464,3134.025024085492,1055.6037308759724
2021-04-15,4917.48070235776,3490.716159739946,1426.7645426178137
2021-04-16,5312.037291316607,3854.9803860552784,1457.0569052613282
2021-04-19,5560.626786468798,4196.1096661379825,1364.5171203308155
2021-04-20,5731.9077096054825,4503.269274831483,1228.6384347739995
2021-04-21,5681.12315981678,4738.8400518285425,942.2831079882371
2021-04-22,5536.706510725155,4898.413343607865,638.2931671172901
2021-04-23,5360.463192938536,4990.823313473999,369.63987946453653
2021-04-26,5201.178961704718,5032.8944431201435,168.28451858457447
2021-04-27,5296.31320832546,5085.578196161207,210.73501216425302
2021-04-28,5150.947581508939,5098.652073230754,52.29550827818548
2021-04-29,4778.926676379095,5034.706993860422,-255.78031748132707
2021-04-30,4153.794324196133,4858.524459927565,-704.7301357314318
2021-05-03,3696.453657110367,4626.110299364125,-929.656642253758
2021-05-04,3375.7855714208126,4376.045353775463,-1000.2597823546503
2021-05-06,3046.1933610210835,4110.074955224587,-1063.8815942035035
2021-05-07,2713.365351607965,3830.733034501263,-1117.367682893298
2021-05-10,2541.33924335998,3572.8542762730067,-1031.5150329130265
2021-05-11,2257.9417027854943,3309.8717615755045,-1051.9300587900102
2021-05-12,1890.5169436142314,3026.0007979832503,-1135.483854369019
2021-05-13,1301.9019107180502,2681.1810205302104,-1379.2791098121602
2021-05-14,786.0137577570131,2302.1475679755713,-1516.1338102185582
2021-05-17,492.52858084729814,1940.2237705499167,-1447.6951897026186
2021-05-18,456.40739003944327,1643.4604944478222,-1187.0531044083789
2021-05-20,462.79212783910043,1407.326821126078,-944.5346932869775
2021-05-21,741.7227101284079,1274.205998926544,-532.4832887981361
2021-05-24,911.9193462795374,1201.7486683971429,-289.82932211760544
2021-05-25,1154.5301655286603,1192.3049678234465,-37.77480229478624
2021-05-26,1451.1109479542793,1244.066163849613,207.04478410466618
2021-05-27,2105.6843706757354,1416.3898052148375,689.294565460898
2021-05-28,2355.2141534839902,1604.154674868668,751.0594786153222
2021-05-31,2603.6467280091456,1804.0530854967637,799.5936425123818
2021-06-01,3087.704765280898,2060.7834214535906,1026.9213438273073
2021-06-02,3431.7649965874734,2334.979736480367,1096.7852601071063
2021-06-03,3622.3333829776675,2592.450465779827,1029.8829171978405
2021-06-04,3530.9287468676775,2780.146121997397,750.7826248702804
2021-06-07,3578.621083284437,2939.8411142548052,638.779969029632
2021-06-08,3774.635066707415,3106.7999047453272,667.8351619620876
2021-06-09,3925.0775315920037,3270.4554301146627,654.622101477341
2021-06-10,4357.1896903296,3487.8022821576506,869.3874081719496
2021-06-11,4805.628678624518,3751.3675614510244,1054.2611171734939
2021-06-14,5660.609325537938,4133.215914268408,1527.3934112695306
2021-06-15,6425.501748897019,4591.67308119413,1833.828667702889
2021-06-16,6831.893228749337,5039.717110705172,1792.1761180441654
2021-06-17,7471.2951775937545,5526.032724082888,1945.2624535108662
2021-06-18,8445.51271383831,6109.928722033973,2335.5839918043375
2021-06-21,9112.54340219131,6710.45165806544,2402.09174412587
2021-06-22,9850.387463981344,7338.43881924862,2511.9486447327236
2021-06-23,11153.822128187428,8101.515481036382,3052.3066471510465
2021-06-24,11050.77154170291,8691.366693169688,2359.4048485332223
2021-06-25,10644.66898486513,9082.027151508777,1562.6418333563524
2021-06-28,10245.076736802876,9314.637068567597,930.4396682352781
2021-06-29,10054.56911525206,9462.62347790449,591.9456373475696
2021-06-30,10189.589421840414,9608.016666691674,581.5727551487398
2021-07-01,9939.937645841652,9674.40086252167,265.5367833199816
2021-07-02,9591.179842471232,9657.756658511582,-66.57681604034951
2021-07-05,9009.205155016098,9528.046357812485,-518.8412027963877
2021-07-06,8490.45911606957,9320.528909463903,-830.069793394332
2021-07-07,8266.479067139182,9109.718940998959,-843.2398738597767
2021-07-08,8156.335392710636,8919.042231341295,-762.7068386306582
2021-07-09,7777.660600577627,8690.765905188562,-913.1053046109355
2021-07-12,7512.001881948323,8455.013100540515,-943.0112185921917
2021-07-13,7138.485770407453,8191.707634513903,-1053.22186410645
2021-07-14,6844.266756859375,7922.219458982998,-1077.9527021236227
2021-07-15,6336.325743317604,7605.04071584992,-1268.714972532316
2021-07-16,5666.727219963592,7217.378016672655,-1550.650796709063
2021-07-19,4838.2186649715295,6741.54614633243,-1903.3274813609005
2021-07-20,3974.421721146151,6188.121261295174,-2213.699540149023
2021-07-21,2693.9606201873103,5489.289133073601,-2795.328512886291
2021-07-22,1859.4801494054554,4763.327336339972,-2903.8471869345167
2021-07-23,1344.038411335263,4079.4695513390307,-2735.4311400037677
2021-07-26,765.3414551681781,3416.64393210486,-2651.302476936682
2021-07-27,343.1106039812439,2801.937266480137,-2458.8266624988933
2021-07-28,8.392864686873509,2243.2283861214846,-2234.835521434611
2021-07-29,-214.05998364562402,1751.770712168063,-1965.830695813687
2021-07-30,-505.56509292440023,1300.3035511495705,-1805.8686440739707
2021-08-02,-807.9629410154885,878.6502527165587,-1686.6131937320472
2021-08-03,-1195.2209366308234,463.8760148470824,-1659.0969514779058
2021-08-04,-1046.261007991765,161.84861027931294,-1208.1096182710778
2021-08-05,-957.517348710564,-62.024581518662444,-895.4927671919015
2021-08-06,-1156.2792413112184,-280.8755134771736,-875.4037278340447
2021-08-09,-1099.3972000004724,-444.57985078183344,-654.8173492186389
2021-08-10,-1161.960874757031,-588.056055576873,-573.904819180158
2021-08-11,-1397.1664789137722,-749.8781402442528,-647.2883386695194
2021-08-12,-1286.3199695902586,-857.1665061134539,-429.15346347680463
2021-08-13,-1304.473616478208,-946.6279281864048,-357.8456882918032
2021-08-17,-1622.9190820858348,-1081.8861589662909,-541.032923119544
2021-08-18,-1574.7163091905531,-1180.4521890111432,-394.26412017940993
2021-08-19,-1439.2330391536234,-1232.2083590396392,-207.02468011398423
2021-08-20,-1516.113861328049,-1288.9894594973211,-227.12440183072795
2021-08-23,-1200.0961138997227,-1271.2107903778015,71.11467647807876
2021-08-24,-898.9415127646935,-1196.75693485518,297.81542209048644
2021-08-25,-493.20566842515836,-1056.0466815691757,562.8410131440173
2021-08-26,-289.3590021371783,-902.7091456827762,613.3501435455979
2021-08-27,-86.46649718636763,-739.4606159834946,652.9941187971269
2021-08-30,193.13835993676912,-552.9408207994419,746.079180736211
2021-08-31,689.2032666864106,-304.5120033022714,993.715269988682
2021-09-01,990.2318601034931,-45.56323062111849,1035.7950907246116
2021-09-02,1294.567859389208,222.4629873809468,1072.1048720082613
2021-09-03,1637.9129544491007,505.5529807945776,1132.359973654523
2021-09-06,1808.4777673370554,766.1379381030732,1042.339829233982
2021-09-07,1801.843614843703,973.2790734511993,828.5645413925038
2021-09-08,539.6448501854611,886.5522287980517,-346.9073786125906
2021-09-09,-1253.1279124406283,458.61620055031574,-1711.744112990944
2021-09-10,-2523.7831776042003,-137.86367508058743,-2385.919502523613
2021-09-13,-3929.2961838992487,-896.1501768443197,-3033.146007054929
2021-09-14,-5025.589323487715,-1722.0380061729988,-3303.551317314716
2021-09-15,-5946.894896401878,-2567.009384218775,-3379.8855121831034
2021-09-16,-6680.7166997232125,-3389.750847319662,-3290.9658524035503
2021-09-17,-7339.058947912592,-4179.612467438248,-3159.446480474344
2021-09-23,-8130.192516175914,-4969.728477185781,-3160.4640389901324
2021-09-24,-8298.400382864551,-5635.462858321535,-2662.9375245430156
2021-09-27,-8295.732467787398,-6167.516780214708,-2128.2156875726905
2021-09-28,-8398.5341586211,-6613.720255895987,-1784.8139027251127
2021-09-29,-8463.139082680325,-6983.604021252855,-1479.5350614274703
2021-09-30,-8297.651327083644,-7246.413482419013,-1051.2378446646308
2021-10-01,-8193.09366868643,-7435.749519672497,-757.344149013933
2021-10-05,-8456.553125284772,-7639.910240794952,-816.6428844898201
2021-10-06,-8407.052094126382,-7793.3386114612385,-613.7134826651436
2021-10-07,-7753.943854966652,-7785.459660162322,31.5158051956696
2021-10-08,-7313.429492605443,-7691.053626650946,377.6241340455035
2021-10-12,-7204.041550668815,-7593.65121145452,389.6096607857053
2021-10-13,-6757.0391283461795,-7426.3287948328525,669.289666486673
2021-10-14,-5970.84590141708,-7135.232216149698,1164.3863147326174
2021-10-15,-5246.952679163034,-6757.576308752365,1510.6236295893304
2021-10-18,-4659.8915770647145,-6338.039362414835,1678.14778535012
2021-10-19,-3668.206764001181,-5804.072842732105,2135.8660787309236
2021-10-20,-2809.55676215369,-5205.169626616422,2395.6128644627315
2021-10-21,-2104.807538345485,-4585.097208962235,2480.2896706167494
2021-10-22,-1568.5532172610401,-3981.788410621996,2413.2351933609557
2021-10-25,-1250.1938122260908,-3435.469490942815,2185.275678716724
2021-10-26,-866.861585349965,-2921.747909824245,2054.88632447428
2021-10-27,-476.87922428920865,-2432.7741727172383,1955.8949484280297
2021-10-28,-405.21920665708603,-2027.263179505208,1622.043972848122
2021-10-29,-344.4574355019431,-1690.702030704555,1346.244595202612
2021-11-01,-292.92661838035565,-1411.1469482397151,1118.2203298593595
2021-11-02,-49.78507655143039,-1138.8745739020583,1089.0894973506279
2021-11-03,-137.92449447404942,-938.6845580164565,800.7600635424071
2021-11-04,233.33863387118618,-704.279919638928,937.6185535101142
2021-11-05,401.8970548382931,-483.04452474348386,884.941579581777
2021-11-08,250.176193147694,-336.4003811652483,586.5765743129423
2021-11-09,168.34160130296368,-235.45198467160589,403.79358597456957
2021-11-10,-17.350362123004743,-191.83166016188565,174.4812980388809
2021-11-11,-42.979674070724286,-162.0612629436534,119.0815888729291
2021-11-12,57.088297184731346,-118.23135091797646,175.3196481027078
2021-11-15,294.3827100237686,-35.70853872962744,330.09124875339603
2021-11-16,357.2842276609299,42.890014548484025,314.39421311244587
2021-11-17,203.06422891329566,74.92485742144635,128.13937149184932
2021-11-18,40.0364324139955,67.94717241995617,-27.910740005960676
2021-11-19,111.28204561353778,76.6141470586725,34.667898554865275
2021-11-22,285.49120643237256,118.38955893341253,167.10164749896003
2021-11-23,99.63808506329951,114.63926415938994,-15.001179096090425
2021-11-24,-47.108811565616634,82.28964901438863,-129.39846058000526
2021-11-25,117.65768038114766,89.36325528774043,28.294425093407227
2021-11-26,45.977209053045954,80.68604604080154,-34.70883698775559
2021-11-29,-210.13686060918553,22.521464710804132,-232.65832531998967
2021-11-30,-488.1733897108352,-79.61750617352374,-408.55588353731144
2021-12-01,-660.5590077852103,-195.80580649586108,-464.7532012893492
2021-12-02,-788.0912269855326,-314.2628905937954,-473.82833639173714
2021-12-03,-799.2564559660095,-411.26160366823825,-387.9948522977713
2021-12-06,-998.3260062388435,-528.6744841823593,-469.6515220564843
2021-12-07,-1182.8012834470428,-659.4998440352961,-523.3014394117467
2021-12-08,-1273.9679389982193,-782.3934630278808,-491.57447597033854
2021-12-09,-1211.2185330739449,-868.1584770370936,-343.0600560368513
2021-12-10,-1148.2528328988265,-924.1773482094402,-224.07548468938626
2021-12-13,-1285.265428682993,-996.3949643041508,-288.87046437884214
2021-12-14,-1497.6226996970072,-1096.640511382722,-400.98218831428517
2021-12-15,-1646.9325536288088,-1206.6989198319395,-440.2336337968693
2021-12-16,-1665.3726664969872,-1298.4336691649492,-366.93899733203807
2021-12-17,-1820.3856020319217,-1402.8240557383438,-417.561546293578
2021-12-20,-2280.0637070574885,-1578.2719860021728,-701.7917210553157
2021-12-21,-2494.5686188916734,-1761.531312580073,-733.0373063116003
2021-12-22,-2634.199890341348,-1936.065028132328,-698.1348622090197
2021-12-23,-2833.2363578265213,-2115.499294071167,-717.7370637553545
2021-12-24,-2837.2308966502314,-2259.8456145869795,-577.3852820632519
2021-12-27,-2927.6855251115194,-2393.4135966918875,-534.2719284196319
2021-12-28,-2925.3045585201035,-2499.791789057531,-425.5127694625726
2021-12-29,-2850.216284882714,-2569.8766882225673,-280.3395966601465
2021-12-30,-2878.5634632593137,-2631.6140432299167,-246.94942002939706
2022-01-03,-2708.424489471654,-2646.9761324782644,-61.44835699338955
2022-01-04,-2783.575726652576,-2674.2960513131266,-109.27967533944957
2022-01-05,-3289.36571901197,-2797.3099848528955,-492.05573415907475
2022-01-06,-4086.9007190768752,-3055.2281316976914,-1031.6725873791838
2022-01-07,-4665.175710933108,-3377.217647544775,-1287.9580633883334
2022-01-10,-5336.3008389010065,-3769.0342858160216,-1567.266553084985
2022-01-11,-5928.9339068086265,-4201.014210014542,-1727.9196967940843
2022-01-12,-6150.182790134437,-4590.847926038521,-1559.3348640959157
2022-01-13,-6293.32441906337,-4931.343224643491,-1361.981194419879
2022-01-14,-6557.115445499861,-5256.497668814765,-1300.617776685096
2022-01-17,-6768.83644404127,-5558.965423860067,-1209.8710201812028
2022-01-18,-6929.371853792603,-5833.046709846574,-1096.3251439460291
2022-01-19,-7103.815586745433,-6087.200485226347,-1016.6151015190862
2022-01-20,-7007.965912144442,-6271.3535706099665,-736.6123415344755
2022-01-21,-6892.893193728916,-6395.661495233757,-497.23169849515943
2022-01-24,-6867.774759714142,-6490.084148129835,-377.6906115843076
2022-01-25,-6961.2828269707825,-6584.323883898025,-376.9589430727574
2022-01-26,-7011.053730639425,-6669.669853246305,-341.3838773931202
2022-01-27,-7313.16992319304,-6798.369867235652,-514.8000559573875
2022-01-28,-7275.07668461604,-6893.71123071173,-381.36545390431
2022-02-03,-7154.3474898948625,-6945.838482548357,-208.5090073465053
2022-02-04,-6818.683904402249,-6920.407566919136,101.72366251688709
2022-02-07,-6406.198942498886,-6817.5658420350865,411.36689953620044
2022-02-08,-6129.6799673039495,-6679.98866708886,550.3086997849105
2022-02-09,-5875.088975714723,-6519.008728814033,643.9197530993097
2022-02-10,-5512.944022467156,-6317.795787544657,804.8517650775011
2022-02-11,-4815.3894975869625,-6017.3145295531185,1201.925031966156
2022-02-14,-4445.335217437663,-5702.918667130028,1257.5834496923644
2022-02-15,-4144.633599458146,-5391.261653595652,1246.6280541375063
2022-02-16,-3574.6293848080095,-5027.9351998381235,1453.305815030114
2022-02-17,-3191.0120726484165,-4660.550574400182,1469.5385017517656
2022-02-18,-2790.274724686911,-4286.495404457528,1496.2206797706167
2022-02-21,-2300.918970874496,-3889.3801177409214,1588.4611468664252
2022-02-22,-2002.980201125465,-3512.1001344178303,1509.1199332923652
2022-02-23,-1682.9087410528446,-3146.2618557448336,1463.353114691989
2022-02-24,-1620.3694633201521,-2841.0833772598976,1220.7139139397455
2022-02-25,-1201.9085538336221,-2513.2484125746428,1311.3398587410206
2022-02-28,-884.2892252748425,-2187.456575114683,1303.1673498398404
2022-03-02,-529.6383071700984,-1855.892921525766,1326.2546143556676
2022-03-03,-142.03843335960119,-1513.122023892533,1371.0835905329318
2022-03-04,11.688401487466763,-1208.1599388165332,1219.848340304
2022-03-07,-115.29699458945834,-989.5873499711183,874.29035538166
2022-03-08,-173.587011520518,-826.3872822809983,652.8002707604803
2022-03-10,412.92180155654205,-578.5254655134903,991.4472670700324
2022-03-11,987.3897114994761,-265.34243011089706,1252.7321416103732
2022-03-14,1585.763262463297,104.87870840394174,1480.8845540593552
2022-03-15,1996.6170330194145,483.2263733270363,1513.3906596923782
2022-03-16,2375.52962211016,861.6870230836611,1513.8425990264986
2022-03-17,2844.757096501955,1258.30103776732,1586.456058734635
2022-03-18,3339.5107348829624,1674.5429771904487,1664.9677576925137
2022-03-21,3409.878847746906,2021.6101513017404,1388.2686964451657
2022-03-22,3545.809661554871,2326.450053352367,1219.3596082025042
2022-03-23,3611.900075090409,2583.5400576999755,1028.3600173904333
2022-03-24,3502.860939540289,2767.4042340680385,735.4567054722506
2022-03-25,3377.5127741999895,2889.425942094429,488.08683210556046
2022-03-28,3240.8153480877954,2959.7038232931027,281.11152479469274
2022-03-29,3136.669896312291,2995.0970378969405,141.5728584153503
2022-03-30,3099.1010107752227,3015.897832472597,83.20317830262547
2022-03-31,3034.349308308563,3019.5881276397904,14.761180668772795
2022-04-01,2909.1523983041116,2997.5009817726545,-88.34858346854298
2022-04-04,2738.024877379765,2945.6057608940764,-207.5808835143116
2022-04-05,2732.2922056882817,2902.9430498529177,-170.65084416463606
2022-04-06,2497.2333636999247,2821.801112622319,-324.56774892239446
2022-04-07,1877.774346601349,2632.9957594181255,-755.2214128167766
2022-04-08,1219.477118428942,2350.292031220289,-1130.814912791347
2022-04-11,458.48097534882254,1971.929820045996,-1513.4488446971734
2022-04-12,-222.73800826493243,1532.9962543838103,-1755.7342626487427
2022-04-13,-618.305724677266,1102.7358585715951,-1721.0415832488611
2022-04-14,-897.2456081948621,702.7395652183037,-1599.9851734131657
2022-04-15,-1161.403686640915,329.91091484645995,-1491.314601487375
2022-04-18,-1434.9018542366393,-23.0516389701599,-1411.8502152664794
2022-04-19,-1576.9884316493844,-333.83899750600483,-1243.1494341433795
2022-04-20,-1670.3384460707748,-601.1388872189589,-1069.199558851816
2022-04-21,-1844.0988454485487,-849.7308788648769,-994.3679665836718
2022-04-22,-2086.8558666653553,-1097.1558764249726,-989.6999902403827
2022-04-25,-2436.744064294864,-1365.073513998951,-1071.670550295913
2022-04-26,-2643.2177910496684,-1620.7023694090944,-1022.515421640574
2022-04-27,-2918.4525594068546,-1880.2524074086468,-1038.2001519982077
2022-04-28,-3029.038744764679,-2110.0096748798533,-919.0290698848257
2022-04-29,-3033.298135061952,-2294.6673669162733,-738.6307681456788
2022-05-02,-3209.4751715049933,-2477.6289278340173,-731.846243670976
2022-05-03,-3215.2039018064534,-2625.1439226285047,-590.0599791779487
2022-05-04,-3143.1656830762076,-2728.7482747180456,-414.417408358162
2022-05-06,-3425.834706201189,-2868.1655610146745,-557.6691451865145
2022-05-09,-3624.2126051600644,-3019.3749698437528,-604.8376353163117
2022-05-10,-3778.221356707232,-3171.144247216449,-607.0771094907832
2022-05-11,-3712.2370867603313,-3279.3628151252256,-432.87427163510574
2022-05-12,-3993.1640879499755,-3422.1230696901757,-571.0410182597998
2022-05-13,-4080.0081591048074,-3553.7000875731023,-526.3080715317051
2022-05-16,-4061.666526430039,-3655.29337534449,-406.3731510855491
2022-05-17,-3929.214631583105,-3710.077626592213,-219.1370049908919
2022-05-18,-3828.5276526393864,-3733.767631801648,-94.76002083773847
2022-05-19,-3881.510473664821,-3763.3162001742826,-118.19427349053831
2022-05-20,-3671.380085879442,-3744.928977315315,73.54889143587297
2022-05-23,-3472.886134356653,-3690.520408723583,217.63427436692973
2022-05-24,-3461.2696636837354,-3644.6702597156136,183.4005960318782
2022-05-25,-3316.997275963542,-3579.1356629651996,262.1383870016575
2022-05-26,-3190.094439134744,-3501.3274181991087,311.2329790643648
2022-05-27,-3038.360371087867,-3408.7340087768607,370.37363768899377
2022-05-30,-2709.356638332174,-3268.8585346879236,559.5018963557495
2022-05-31,-2332.9650341693778,-3081.679834584215,748.7148004148371
2022-06-02,-2115.1885347920324,-2888.3815746257787,773.1930398337463
2022-06-03,-1760.9170491283876,-2662.888669526301,901.9716203979133
2022-06-07,-1766.4203917095583,-2483.595013962952,717.1746222533939
2022-06-08,-1782.51081234483,-2343.378173639328,560.8673612944981
2022-06-09,-1790.7581696819252,-2232.8541728478476,442.0960031659224
2022-06-10,-1872.5387696505059,-2160.7910922083793,288.2523225578734
2022-06-13,-2202.4519033051038,-2169.1232544277245,-33.32864887737924
2022-06-14,-2427.854479207628,-2220.8694993837053,-206.9849798239229
2022-06-15,-2887.895192758515,-2354.2746380586673,-533.6205546998476
2022-06-16,-3247.3242966202524,-2532.8845697709844,-714.439726849268
2022-06-17,-3499.8989586586977,-2726.2874475485273,-773.6115111101703
2022-06-20,-3865.307608875053,-2954.0914798138324,-911.2161290612207
2022-06-21,-4035.7524760374217,-3170.42367905855,-865.3287969788717
2022-06-22,-4282.844580212652,-3392.9078592893707,-889.936720923281
2022-06-23,-4539.308826159468,-3622.1880526633904,-917.1207734960772
2022-06-24,-4337.515186076096,-3765.2534793459317,-572.2617067301644
2022-06-27,-4106.0527593888255,-3833.4133353545108,-272.63942403431474
2022-06-28,-3893.8693452106236,-3845.5045373257335,-48.36480788489007
2022-06-29,-3747.0718629318435,-3825.8180024469557,78.74613951511219
2022-06-30,-3661.152788634441,-3792.884959684453,131.73217105001186
2022-07-01,-3759.522143089358,-3786.212396365434,26.690253276075964
2022-07-04,-3729.9309291370446,-3774.956102919756,45.02517378271159
2022-07-05,-3353.1294831158593,-3690.5907789589774,337.461295843118
2022-07-06,-2900.0442535196053,-3532.481473871103,632.4372203514977
2022-07-07,-2551.900050804368,-3336.365189257756,784.4651384533877
2022-07-08,-2345.7825124855444,-3138.2486539033134,792.466141417769
2022-07-11,-2197.4478883042757,-2950.088500783506,752.6406124792302
2022-07-12,-2135.9612410021073,-2787.263048827226,651.3018078251189
2022-07-13,-1935.811175554525,-2616.972674172686,681.1614986181607
2022-07-14,-1740.9835040436883,-2441.7748401468866,700.7913361031983
2022-07-15,-1728.0446331557905,-2299.0287987486677,570.9841655928772
2022-07-18,-1482.829909432723,-2135.7890208854787,652.9591114527557
2022-07-19,-1273.811765097751,-1963.3935697279335,689.5818046301824
2022-07-20,-1047.6714894495817,-1780.2491536722632,732.5776642226815
2022-07-21,-834.6251596460352,-1591.1243548670177,756.4991952209825
2022-07-22,-785.8324492911634,-1430.0659737518467,644.2335244606834
2022-07-25,-666.8543149756151,-1277.4236419966003,610.5693270209852
2022-07-26,-613.9015964665596,-1144.7192328905921,530.8176364240326
2022-07-27,-605.3044341421919,-1036.8362731409122,431.53183899872033
2022-07-28,-551.784669538858,-939.8259524205014,388.0412828816434
2022-07-29,-312.11209419963416,-814.283180776328,502.1710865766938
2022-08-01,-184.59526629338507,-688.3455978797394,503.7503315863544
2022-08-02,-258.083845383444,-602.2932473804804,344.20940199703637
2022-08-03,22.323494023294188,-477.36989909972544,499.69339312301963
2022-08-04,696.4623098659213,-242.60345730659614,939.0657671725174
2022-08-05,1176.810814473487,41.27939704942048,1135.5314174240666
2022-08-08,1603.5589498273039,353.7353076049972,1249.8236422223067
2022-08-09,2015.3580991805502,686.0598659201079,1329.2982332604424
2022-08-10,2083.6866851504165,965.5852297661697,1118.1014553842467
2022-08-11,2384.6998315923265,1249.4081501314013,1135.2916814609252
2022-08-12,2497.633780154021,1499.0532761359254,998.5805040180958
2022-08-16,2414.0619873729447,1682.0550183833295,732.0069689896152
2022-08-17,2273.2115857653116,1800.286331859726,472.9252539055856
2022-08-18,2065.15829008109,1853.2607235039989,211.89756657709108
2022-08-19,1679.1888044016378,1818.4463396835267,-139.25753528188898
2022-08-22,1222.0424688476196,1699.1655655163454,-477.1230966687258
2022-08-23,833.9985595805629,1526.132164329189,-692.1336047486261
2022-08-24,528.4485046325135,1326.5954323898538,-798.1469277573403
2022-08-25,378.76172648652573,1137.028691209188,-758.2669647226624
2022-08-26,249.1921797739924,959.461388922149,-710.2692091481566
2022-08-29,-158.29612240559072,735.9098866566011,-894.2060090621918
2022-08-30,-395.9773150260153,509.5324463200778,-905.509761346093
2022-08-31,-561.7277956827456,295.2803979195131,-857.0081936022588
2022-09-01,-844.7319865598693,67.27792102363665,-912.0099075835059
2022-09-02,-1152.558837115328,-176.6894306041563,-975.8694065111717
2022-09-05,-1396.5535623412143,-420.6622569515679,-975.8913053896464
2022-09-06,-1595.734004471582,-655.6766064555707,-940.0573980160113
2022-09-07,-1909.100630021334,-906.3614111687234,-1002.7392188526105
2022-09-08,-2092.9736200671905,-1143.6838529484169,-949.2897671187736
2022-09-13,-2053.6379442334146,-1325.6746712054164,-727.9632730279982
2022-09-14,-2150.9830649421783,-1490.7363499527687,-660.2467149894096
2022-09-15,-2258.5784379767865,-1644.3047675575724,-614.2736704192141
2022-09-16,-2357.0240614315117,-1786.8486263323603,-570.1754350991514
2022-09-19,-2526.9512699908228,-1934.8691550640528,-592.0821149267699
2022-09-20,-2639.2651653579233,-2075.748357122827,-563.516808235096
2022-09-21,-2800.886990328072,-2220.776083763876,-580.1109065641958
2022-09-22,-3110.9794515972317,-2398.8167573305473,-712.1626942666844
2022-09-23,-3342.4082522884855,-2587.535056322135,-754.8731959663505
2022-09-26,-3589.340694399434,-2787.8961839375947,-801.4445104618394
2022-09-27,-3773.8109473991863,-2985.079136629913,-788.7318107692731
2022-09-28,-4066.7855222861763,-3201.420413761166,-865.3651085250103
2022-09-29,-4329.75095249922,-3427.086521508777,-902.6644309904432
2022-09-30,-4390.709612039369,-3619.811139614895,-770.8984724244738
2022-10-04,-4484.159164533339,-3792.680744598584,-691.478419934755
2022-10-05,-4617.954008629371,-3957.735397404742,-660.2186112246291
2022-10-06,-4646.221148492303,-4095.4325476222543,-550.7886008700484
2022-10-07,-4926.530489997538,-4261.652136097311,-664.878353900227
2022-10-11,-5153.820937159791,-4440.085896309807,-713.7350408499842
2022-10-12,-5293.1075161369445,-4610.690220275235,-682.4172958617091
2022-10-13,-5545.333667573323,-4797.618909734852,-747.7147578384702
2022-10-14,-5352.686536447145,-4908.632435077311,-444.0541013698339
2022-10-17,-5384.057740989912,-5003.717496259831,-380.3402447300814
2022-10-18,-5263.518852913854,-5055.677767590636,-207.84108532321807
2022-10-19,-5077.187600399404,-5059.97973415239,-17.207866247013953
2022-10-20,-5036.874652128543,-5055.358717747621,18.484065619078137
2022-10-21,-4860.140864712586,-5016.3151471406145,156.17428242802816
2022-10-24,-4698.196833378577,-4952.691484388208,254.49465100963062
2022-10-25,-4489.856673975824,-4860.124522305731,370.2678483299069
2022-10-26,-4363.210034284479,-4760.741624701481,397.531590417002
2022-10-27,-4130.501583993144,-4634.693616559814,504.1920325666697
2022-10-28,-3901.108905457273,-4487.976674339306,586.8677688820326
2022-10-31,-3521.372659818546,-4294.655871435154,773.2832116166082
2022-11-01,-3183.7289042917037,-4072.4704780064644,888.7415737147608
2022-11-02,-2755.276059884156,-3809.031594382003,1053.7555344978468
2022-11-03,-2563.693050050504,-3559.963885515703,996.2708354651991
2022-11-04,-2368.4221101517687,-3321.6555304429166,953.2334202911479
2022-11-07,-2224.3389280641277,-3102.192209967159,877.8532819030315
2022-11-08,-1954.4807206955957,-2872.649912112847,918.1691914172511
2022-11-09,-1672.91681782058,-2632.7032932543934,959.7864754338134
2022-11-10,-1536.9574430003195,-2413.554123203579,876.5966802032594
2022-11-11,-782.7219505570974,-2087.387688674283,1304.6657381171854
2022-11-14,-198.83121487585595,-1709.6763939145976,1510.8451790387417
2022-11-15,276.8533354712781,-1312.3704480374226,1589.2237835087008
2022-11-16,638.408429498566,-922.2146725302249,1560.623102028791
2022-11-17,954.2888202094182,-546.9139739822963,1501.2027941917145
2022-11-18,1079.2174588551352,-221.68768741481,1300.9051462699451
2022-11-21,1053.116335755847,33.27311721932142,1019.8432185365257
2022-11-22,861.1212525782903,198.8427442911152,662.2785082871751
2022-11-23,812.5653184354305,321.5872591199783,490.97805931545224
2022-11-24,900.875451874097,437.44489767080205,463.430554203295
2022-11-25,856.0942122391571,521.1747605844731,334.91945165468394
2022-11-28,691.5950163742964,555.2588117424378,136.33620463185855
2022-11-29,658.5361590286193,575.9142811996742,82.62187782894512
2022-11-30,665.0166991819642,593.7347647961321,71.28193438583207
2022-12-01,782.1736272316557,631.4225372832369,150.75108994841878
2022-12-02,785.2775038833352,662.1935306032566,123.08397328007857
2022-12-05,866.5095724408238,703.0567389707701,163.45283347005375
2022-12-06,760.7340184908171,714.5921948747796,46.14182361603753
2022-12-07,629.3060600571553,697.5349679112549,-68.22890785409959
2022-12-08,519.1638583207314,661.8607459931502,-142.69688767241882
2022-12-09,634.3611206831192,656.360820931144,-21.999700248024737
2022-12-12,717.3861995062689,668.565896646169,48.8203028600999
2022-12-13,782.2362048576688,691.299958288469,90.93624656919974
2022-12-14,864.0162807898741,725.84322278875,138.1730580011241
2022-12-15,647.0175792462833,710.0780940802567,-63.06051483397346
2022-12-16,397.83606003980094,647.6296872721656,-249.79362723236466
2022-12-19,309.7555414587696,580.0548581094864,-270.29931665071683
2022-12-20,117.55849081598717,487.55558465078656,-369.9970938347994
2022-12-21,-42.340149896357616,381.5764377413577,-423.91658763771534
2022-12-22,-95.33948207957292,286.1932537771716,-381.5327358567445
2022-12-23,-271.3892211737766,174.67675878698196,-446.06597996075857
2022-12-26,-390.27275782965444,61.686855463654695,-451.95961329330913
2022-12-27,-415.1499132400422,-33.680498277084695,-381.46941496295756
2022-12-28,-493.72717274117167,-125.6898331699021,-368.03733957126957
2022-12-29,-589.5500720911659,-218.46188095415488,-371.08819113701105
2023-01-02,-689.8153058030803,-312.73256592394,-377.08273987914026
2023-01-03,-712.6462973915768,-392.7153122174674,-319.9309851741094
2023-01-04,-530.9595096345147,-420.36415170087685,-110.59535793363784
2023-01-05,-223.01733108257758,-380.894787577217,157.87745649463943
2023-01-06,-19.09662331587606,-308.5351547249488,289.43853140907277
2023-01-09,451.9990494166195,-156.42831389663516,608.4273633132547
2023-01-10,784.0312824758003,31.663605377851923,752.3676770979483
2023-01-11,1130.9621627076267,251.5233168438069,879.4388458638198
2023-01-12,1357.9768163056942,472.8140167361844,885.1627995695098
2023-01-13,1560.2478205058214,690.3007774901118,869.9470430157096
2023-01-16,1900.371851483069,932.3149922887033,968.0568591943656
2023-01-17,1929.8095184711274,1131.8138975251882,797.9956209459392
2023-01-18,1914.9266704592592,1288.4364521120024,626.4902183472568
2023-01-19,1817.6261294760625,1394.2743875848146,423.3517418912479
2023-01-20,1752.5886557202684,1465.9372412119053,286.65141450836313
2023-01-25,1793.3417614019636,1531.4181452499172,261.9236161520464
2023-01-26,1892.5831774044054,1603.651151680815,288.9320257235904
2023-01-27,2028.5406038746514,1688.6290421195822,339.9115617550692
2023-01-30,2016.2161875322563,1754.1464712021173,262.06971633013904
2023-01-31,1816.062115611203,1766.5296000839344,49.532515527268515
2023-02-01,1702.3680465492798,1753.6972893770035,-51.32924282772365
2023-02-02,1777.3670745315394,1758.4312464079107,18.935828123628653
2023-02-03,2031.256716688229,1812.9963404639743,218.26037622425474
2023-02-06,2047.4807187575643,1859.8932161226924,187.58750263487195
2023-02-07,2260.220541247698,1939.9586811476934,320.26186010000447
2023-02-08,2488.8888290533723,2049.744710728829,439.14411832454334
2023-02-09,2783.271233128442,2196.4500152087517,586.8212179196903
2023-02-10,2718.9466638638623,2300.949344939774,417.9973189240882
2023-02-13,2374.3169111481475,2315.622858181449,58.694052966698564
2023-02-14,2133.090558893404,2279.1163983238403,-146.02583943043646
2023-02-15,1808.105917566827,2184.9143021724376,-376.8083846056106
2023-02-16,1580.74637330736,2064.0807163994223,-483.3343430920622
2023-02-17,1312.8066007586895,1913.8258932712758,-601.0192925125864
2023-02-20,1159.7163903486653,1763.003992686754,-603.2876023380886
2023-02-21,938.8084888553567,1598.1648919204745,-659.3564030651178
2023-02-22,683.2389536243572,1415.1797042612511,-731.9407506368939
2023-02-23,499.1518368066245,1231.974130770326,-732.8222939637014
2023-02-24,293.39524286900996,1044.2583531900627,-750.8631103210528
2023-02-27,136.82360667437024,862.7714038869243,-725.9477972125541
2023-02-28,52.4803178418224,700.7131866779039,-648.2328688360815
2023-03-02,-109.92516848386731,538.5855156455497,-648.510684129417
2023-03-03,-251.86764160532766,380.49488419537425,-632.3625258007019
2023-03-06,-152.79843802122195,273.836219752055,-426.63465777327696
2023-03-07,-240.96019090522896,170.8769376205982,-411.83712852582715
2023-03-08,-498.7397956900677,36.95359095846503,-535.6933866485327
2023-03-09,-702.997437094833,-111.0366146521946,-591.9608224426383
2023-03-10,-926.8118577157147,-274.19166326489864,-652.6201944508161
2023-03-13,-876.2184623877329,-394.5970230894655,-481.6214392982674
2023-03-14,-938.2752784425975,-503.3326741600919,-434.94260428250556
2023-03-15,-984.1799032326744,-599.5021199746084,-384.67778325806603
2023-03-16,-961.0660918490248,-671.8149143494917,-289.2511774995331
2023-03-17,-908.0730362994655,-719.0665387394864,-189.00649755997904
2023-03-20,-792.3881860962501,-733.7308682108392,-58.657317885410976
2023-03-21,-700.6990506254006,-727.1245046937514,26.42545406835086
2023-03-22,-477.28791542031104,-677.1571868390633,199.8692714187523
2023-03-23,-384.5608104542698,-618.6379115621046,234.07710110783478
2023-03-24,-323.4833258175713,-559.606994413198,236.12366859562667
2023-03-27,-327.7846318621232,-513.2425219029831,185.45789004085987
2023-03-28,-327.4191635852112,-476.0778502394287,148.6586866542175
2023-03-29,-347.33317945275485,-450.328916082094,102.99573662933915
2023-03-30,-382.9087396971008,-436.8448808050954,53.93614110799456
2023-03-31,-326.64561749882705,-414.8050281438417,88.15941064501465
2023-04-03,-350.6372383691487,-401.97147018890314,51.33423181975445
2023-04-04,-325.5521864770053,-386.68761344652364,61.135426969518335
2023-04-05,-318.14307531960367,-372.97870582113967,54.835630501536
2023-04-06,-460.27960560574866,-390.4388857780615,-69.84071982768717
2023-04-07,-566.3947834013816,-425.63006530272554,-140.76471809865603
2023-04-10,-682.9648539432455,-477.09702303082963,-205.8678309124159
2023-04-11,-670.7851103057474,-515.8346404858132,-154.95046981993414
2023-04-12,-701.4615492187586,-552.9600222324024,-148.50152698635623
2023-04-13,-653.6842686039454,-573.104871506711,-80.57939709723439
2023-04-14,-529.0304530954309,-564.289987824455,35.25953472902415
2023-04-17,-457.2472021631693,-542.8814306921979,85.63422852902863
2023-04-18,-483.5452568212204,-531.0141959180024,47.46893909678204
2023-04-19,-530.5474904499424,-530.9208548243904,0.37336437444798776
2023-04-20,-617.1669328604839,-548.1700704316091,-68.9968624288748
2023-04-21,-677.9979269671894,-574.1356417387252,-103.8622852284642
2023-04-24,-773.771521472816,-614.0628176855435,-159.7087037872725
2023-04-25,-935.7164001142883,-678.3935341712925,-257.3228659429958
2023-04-26,-1012.0468161426252,-745.124190565559,-266.9226255770661
2023-04-27,-1116.1570074338597,-819.3307539392192,-296.82625349464047
2023-04-28,-1001.5292996713397,-855.7704630856433,-145.75883658569637
2023-05-02,-868.3989953027412,-858.2961695290629,-10.102825773678319
2023-05-03,-770.152756890835,-840.6674870014174,70.51473011058238
2023-05-04,-772.151826432615,-826.964354887657,54.81252845504196
2023-05-08,-725.0325581085635,-806.5779955318383,81.54543742327473
2023-05-09,-695.8076891013043,-784.4239342457315,88.61624514442724
2023-05-10,-744.7533593765111,-776.4898192718874,31.736459895376356
2023-05-11,-814.499928858495,-784.0918411892089,-30.408087669286033
2023-05-12,-811.9993786935665,-789.6733486900805,-22.32603000348604
2023-05-15,-784.8322880664273,-788.7051365653499,3.8728484989226217
2023-05-16,-810.4440285942619,-793.0529149711324,-17.391113623129513
2023-05-17,-693.6390500494599,-773.170141986798,79.53109193733803
2023-05-18,-634.106499337162,-745.3574134568707,111.2509141197088
2023-05-19,-524.3974467923472,-701.165420123966,176.7679733316188
2023-05-22,-432.46702161573194,-647.4257404223192,214.95871880658729
2023-05-23,-347.5361526412744,-587.4478228661103,239.91167022483592
2023-05-24,-372.7608433007117,-544.5104269530307,171.74958365231896
2023-05-25,-396.25299873700715,-514.858941309826,118.60594257281889
2023-05-26,-418.120037910885,-495.51116063003786,77.39112271915286
2023-05-30,-414.5330168885921,-479.3155318817487,64.78251499315661
2023-05-31,-454.86189766156895,-474.42480503771276,19.562907376143812
2023-06-01,-489.252195729714,-477.39028317611303,-11.861912553600973
2023-06-02,-422.87135010528436,-466.4864965619473,43.615146456662956
2023-06-05,-374.02172632425936,-447.99354251440974,73.97181619015038
2023-06-07,-307.5552492727511,-419.905883866078,112.3506345933269
2023-06-08,-323.7703427591914,-400.67877564470075,76.90843288550934
2023-06-09,-340.7619932940506,-388.69541917457076,47.93342588052013
2023-06-12,-334.2367964960795,-377.8036946388725,43.566898142793036
2023-06-13,-341.2699124350329,-370.4969381981046,29.22702576307171
2023-06-14,-398.7315284848082,-376.14385625544537,-22.587672229362852
2023-06-15,-582.797107686376,-417.4745065416315,-165.32260114474445
2023-06-16,-744.2980930131234,-482.83922383592994,-261.4588691771935
2023-06-19,-950.0974622233844,-576.2908715134208,-373.80659070996353
2023-06-20,-1164.3266265650527,-693.8980225237472,-470.42860404130556
2023-06-21,-1414.6278051624831,-838.0439790514945,-576.5838261109886
2023-06-22,-1610.5660185346933,-992.5483869481343,-618.017631586559
2023-06-23,-1793.5880829313246,-1152.7563261447724,-640.8317567865522
2023-06-26,-1892.6100640633667,-1300.7270737284914,-591.8829903348753
2023-06-27,-2000.4750343057021,-1440.6766658439337,-559.7983684617684
2023-06-28,-2090.1074180077485,-1570.5628162766968,-519.5446017310517
2023-06-29,-2136.5133320990135,-1683.7529194411604,-452.76041265785307
2023-06-30,-2140.546303742034,-1775.111596301335,-365.43470744069896
