company,code,listing_date
한진중공업홀딩스,003480,1956-03-03
유수홀딩스,000700,1956-03-03
경방,000050,1956-03-03
CJ대한통운,000120,1956-07-02
유한양행,000100,1962-11-01
디아이동일,001530,1964-01-04
대한항공,003490,1966-03-18
전방,000950,1968-10-21
세기상사,002420,1968-12-27
삼양홀딩스,000070,1968-12-27
한국앤컴퍼니,000240,1968-12-27
대한전선,001440,1968-12-27
대한제당,001790,1968-12-27
세아제강지주,003030,1969-05-13
엔피씨,004250,1969-09-08
한일홀딩스,003300,1969-11-20
한국주철관공업,000970,1969-12-12
코리안리,003690,1969-12-22
동아쏘시오홀딩스,000640,1970-02-10
LG,003550,1970-02-13
대상,001680,1970-04-01
대한제분,001130,1970-11-25
롯데손해보험,000400,1971-04-16
벽산,007210,1972-01-04
한솔홀딩스,004150,1972-05-17
제주은행,006220,1972-12-28
아모레퍼시픽그룹,002790,1973-04-30
일신방직,003200,1973-05-23
롯데칠성음료,005300,1973-06-21
영진약품,003520,1973-06-25
케이씨씨,002380,1973-06-25
대웅,003090,1973-06-26
TYM,002900,1973-06-26
진양산업,003780,1973-06-26
DB손해보험,005830,1973-06-28
휴스틸,005010,1973-06-29
CJ,001040,1973-06-29
두산,000150,1973-06-29
효성,004800,1973-06-30
기아,000270,1973-07-21
노루홀딩스,000320,1973-08-10
하이트진로홀딩스,000140,1973-09-19
금호전기,001210,1973-11-15
LS네트웍스,000680,1973-11-15
아이에이치큐,003560,1973-12-18
서울식품공업,004410,1973-12-28
대한방직,001070,1973-12-28
롯데지주,004990,1974-02-16
카프로,006380,1974-05-28
아세아,002030,1974-06-03
한화솔루션,009830,1974-06-19
모나미,005360,1974-06-26
한국수출포장공업,002200,1974-06-28
현대자동차,005380,1974-06-28
한진,002320,1974-08-12
일양약품,007570,1974-08-28
우리종금,010050,1974-09-11
흥국화재,000540,1974-12-05
SPC삼립,005610,1975-05-02
쌍용씨앤이,003410,1975-05-03
KG모빌리티,003620,1975-05-29
BYC,001460,1975-06-02
대유플러스,000300,1975-06-09
삼성전자,005930,1975-06-11
코오롱,002020,1975-06-23
태원물산,001420,1975-06-24
깨끗한나라,004540,1975-06-25
오리온홀딩스,001800,1975-06-27
대동,000490,1975-06-27
NI스틸,008260,1975-06-28
일동홀딩스,000230,1975-06-28
삼성화재해상보험,000810,1975-06-30
한화손해보험,000370,1975-06-30
삼양식품,003230,1975-06-30
삼성제약,001360,1975-07-04
NH투자증권,005940,1975-09-30
신일전자,002700,1975-09-30
미래에셋증권,006800,1975-09-30
대신증권,003540,1975-10-01
강남제비스코,000860,1975-11-12
유유제약,000220,1975-11-18
대림통상,006570,1975-11-20
DB하이텍,000990,1975-12-12
신성통상,005390,1975-12-22
CS홀딩스,000590,1975-12-22
한일현대시멘트,006390,1975-12-26
부산주공,005030,1975-12-26
태광산업,003240,1975-12-27
국제약품,002720,1975-12-27
LX인터내셔널,001120,1976-01-30
DL,000210,1976-02-02
동화약품,000020,1976-03-24
롯데정밀화학,004000,1976-04-15
SG세계물산,004060,1976-04-19
넥센타이어,002350,1976-05-19
DRB동일,004840,1976-05-21
SUN&L,002820,1976-05-22
고려제강,002240,1976-05-25
태양금속공업,004100,1976-05-25
KR모터스,000040,1976-05-25
삼화왕관,004450,1976-05-28
한창,005110,1976-06-01
성창기업지주,000180,1976-06-02
백광산업,001340,1976-06-10
영풍,000670,1976-06-12
JW중외제약,001060,1976-06-14
한화,000880,1976-06-24
동양,001520,1976-06-25
금호건설,002990,1976-06-26
삼부토건,001470,1976-06-26
페이퍼코리아,001020,1976-06-26
삼화콘덴서공업,001820,1976-06-26
GS글로벌,001250,1976-06-26
흥아해운,003280,1976-06-29
SG글로벌,001380,1976-06-29
샘표,007540,1976-06-29
SK디스커버리,006120,1976-06-29
삼영,003720,1976-06-30
농심,004370,1976-06-30
크라운해태홀딩스,005740,1976-06-30
신라교역,004970,1976-06-30
성신양회,004980,1976-06-30
한독,002390,1976-06-30
종근당홀딩스,001630,1976-06-30
신풍,002870,1976-06-30
한신공영,004960,1976-07-07
SNT다이내믹스,003570,1976-07-08
비비안,002070,1976-07-13
사조대림,003960,1976-09-16
금양,001570,1976-12-17
삼천리,004690,1976-12-23
조흥,002600,1976-12-23
성보화학,003080,1976-12-23
조광페인트,004910,1976-12-27
신영와코루,005800,1976-12-28
남광토건,001260,1976-12-28
한국공항,005430,1976-12-28
삼영전자공업,005680,1976-12-28
조비,001550,1976-12-28
오리엔트바이오,002630,1976-12-28
대유에이텍,002880,1977-02-18
동양철관,008970,1977-03-05
세방,004360,1977-05-19
조광피혁,004700,1977-05-27
만호제강,001080,1977-06-18
대원강업,000430,1977-06-22
천일고속,000650,1977-06-23
진흥기업,002780,1977-06-25
송원산업,004430,1977-06-25
한국석유공업,004090,1977-06-25
동방아그로,007590,1977-06-29
티웨이홀딩스,004870,1977-06-30
LS,006260,1977-06-30
SK네트웍스,001740,1977-06-30
경농,002100,1977-06-30
현대코퍼레이션,011760,1977-12-01
DL건설,001880,1977-12-22
한국화장품제조,003350,1978-02-06
남선알미늄,008350,1978-05-22
남양유업,003920,1978-06-24
현대약품,004310,1978-06-28
조선내화,000480,1978-06-30
녹십자홀딩스,005250,1978-08-28
빙그레,005180,1978-08-31
코오롱글로벌,003070,1978-09-15
케이씨티시,009070,1978-09-29
동부건설,005960,1978-10-30
삼성SDI,006400,1979-02-27
삼성전기,009150,1979-02-27
한국전자홀딩스,006200,1979-11-30
삼아알미늄,006110,1980-12-05
GS건설,006360,1981-08-03
현대미포조선,010620,1983-12-20
아남전자,008700,1984-08-11
F&F 홀딩스,007700,1984-10-04
에이프로젠바이오로직스,003060,1984-10-19
TCC스틸,002710,1984-12-21
현대건설,000720,1984-12-22
일성신약,003120,1985-01-14
인스코비,006490,1985-01-17
삼일제약,000520,1985-05-29
OCI홀딩스,010060,1985-07-09
신세계,004170,1985-08-19
코리아써키트,007810,1985-09-09
대한화섬,003830,1985-12-23
SH에너지화학,002360,1985-12-23
아이에스동서,010780,1986-01-27
KG스틸,016380,1986-02-03
일신석재,007110,1986-03-04
평화홀딩스,010770,1986-03-31
SK증권,001510,1986-09-20
삼화전기,009470,1986-11-24
한화투자증권,003530,1986-11-25
사조오양,006090,1986-12-24
현대비앤지스틸,004560,1987-03-24
써니전자,004770,1987-04-22
현대제철,004020,1987-05-23
삼화전자공업,011230,1987-05-25
한화에어로스페이스,012450,1987-05-27
S-Oil,010950,1987-05-27
가온전선,000500,1987-06-08
코스모화학,005420,1987-07-23
한신기계공업,011700,1987-07-24
유화증권,003460,1987-08-24
유진증권,001200,1987-08-24
신영증권,001720,1987-08-24
덕성,004830,1987-09-25
코스모신소재,005070,1987-09-28
한국무브넥스,010100,1987-10-02
참엔지니어링,009310,1987-11-12
진원생명과학,011000,1987-11-16
세방전지,004490,1987-11-28
삼성공조,006660,1987-11-28
넥센,005720,1987-12-19
한창제지,009460,1987-12-23
에이엔피,015260,1988-01-18
제일파마홀딩스,002620,1988-01-20
유안타증권,003470,1988-01-21
금호석유화학,011780,1988-01-22
한양증권,001750,1988-03-04
삼영무역,002810,1988-03-28
삼성증권,016360,1988-03-28
이수화학,005950,1988-04-28
대원전선,006340,1988-05-04
동국홀딩스,001230,1988-05-09
파미셀,005690,1988-05-20
범양건영,002410,1988-05-25
POSCO홀딩스,005490,1988-06-10
삼진제약,005500,1988-06-18
한미사이언스,008930,1988-06-20
DB금융투자,016610,1988-06-27
계양전기,012200,1988-07-06
한솔테크닉스,004710,1988-07-06
부국증권,001270,1988-07-19
풍산홀딩스,005810,1988-07-28
부광약품,003000,1988-08-05
동방,004140,1988-08-10
한국쉘석유,002960,1988-08-10
신원,009270,1988-08-24
율촌화학,008730,1988-08-30
플레이그램,009810,1988-08-31
금강공업,014280,1988-09-10
혜인,003010,1988-09-20
상상인증권,001290,1988-09-23
보해양조,000890,1988-09-23
DN오토모티브,007340,1988-09-24
화성산업,002460,1988-09-29
삼익악기,002450,1988-09-30
한일철강,002220,1988-10-07
유성기업,002920,1988-10-10
대구백화점,006370,1988-10-10
우성,006980,1988-10-10
모나리자,012690,1988-10-14
이건산업,008250,1988-10-21
보령,003850,1988-10-24
더존비즈온,012510,1988-10-28
더존비즈온,012510,1988-10-28
영원무역홀딩스,009970,1988-11-07
에스엘,005850,1988-11-08
조일알미늄,018470,1988-11-22
SHD,001770,1988-11-23
CJ씨푸드,011150,1988-11-26
화천기계,010660,1988-12-12
아세아제지,002310,1988-12-15
태림포장,011280,1988-12-20
이스타코,015020,1988-12-23
모헨즈,006920,1989-01-05
대덕,008060,1989-01-26
한성기업,003680,1989-01-26
동원산업,006040,1989-03-07
리더스 기술투자,019570,1989-03-14
엠벤처투자,019590,1989-03-14
퍼스텍,010820,1989-05-10
한솔케미칼,014680,1989-05-20
큐로,015590,1989-05-27
디와이,013570,1989-05-30
방림,003610,1989-05-30
한솔피엔에스,010420,1989-05-31
경인전자,009140,1989-06-20
인디에프,014990,1989-06-20
무림P&P,009580,1989-06-20
사조동아원,008040,1989-06-24
사조산업,007160,1989-07-25
대창단조,015230,1989-07-25
한익스프레스,014130,1989-07-25
윌비스,008600,1989-07-28
SIMPAC,009160,1989-07-29
녹십자,006280,1989-08-01
국도화학,007690,1989-08-05
한국전력공사,015760,1989-08-10
현대지에프홀딩스,005440,1989-08-22
KG케미칼,001390,1989-08-25
현대해상,001450,1989-08-25
대우부품,009320,1989-08-25
쎌마테라퓨틱스,015540,1989-09-02
세우글로벌,013000,1989-09-05
현대모비스,012330,1989-09-05
SBI인베스트먼트,019550,1989-09-06
서연,007860,1989-09-09
미원상사,002840,1989-09-25
삼익THK,004380,1989-09-26
미창석유공업,003650,1989-09-27
진양폴리우레탄,010640,1989-09-30
SK텔레콤,017670,1989-11-07
삼양통상,002170,1989-11-10
한솔로지스틱스,009180,1989-11-13
태영건설,009410,1989-11-13
KISCO홀딩스,001940,1989-11-13
한국특강,007280,1989-11-13
갤럭시아에스엠,011420,1989-11-14
남성,004270,1989-11-14
광동제약,009290,1989-11-17
까뮤이앤씨,013700,1989-11-30
보락,002760,1989-11-30
선도전기,007610,1989-11-30
씨아이테크,004920,1989-11-30
일성건설,013360,1989-12-02
국보,001140,1989-12-02
대창,012800,1989-12-05
유니켐,011330,1989-12-14
하이록코리아,013030,1989-12-15
한올바이오파마,009420,1989-12-18
아센디오,012170,1989-12-20
카스,016920,1990-01-04
동성제약,002210,1990-01-19
신풍제약,019170,1990-01-20
영화금속,012280,1990-01-25
대영포장,014160,1990-03-06
일진홀딩스,015860,1990-03-22
HLB글로벌,003580,1990-03-23
성문전자,014910,1990-03-24
서흥,008490,1990-03-27
원림,005820,1990-04-20
대동전자,008110,1990-06-05
금비,008870,1990-06-08
무림페이퍼,009200,1990-06-09
현대차증권,001500,1990-06-09
팜젠사이언스,004720,1990-06-15
청호ICT,012600,1990-07-10
코센,009730,1990-07-27
고려아연,010130,1990-07-28
STX,011810,1990-09-12
광명전기,017040,1990-09-14
부산산업,011390,1990-09-14
케이비아이동국실업,001620,1990-09-15
대현,016090,1990-09-20
피에스텍,002230,1991-01-04
고려산업,002140,1991-01-14
극동유화,014530,1991-01-31
화승인더스트리,006060,1991-02-04
신흥,004080,1991-02-08
화승코퍼레이션,013520,1991-02-22
태경비케이,014580,1991-03-07
호텔신라,008770,1991-03-12
세아베스틸지주,001430,1991-03-12
대동기어,008830,1991-05-17
롯데케미칼,011170,1991-05-30
에이티넘인베스트,021080,1991-07-12
수산중공업,017550,1991-08-30
휴니드테크놀러지스,005870,1991-09-03
세명전기,017510,1991-12-26
대한해운,005880,1992-04-23
글로본,019660,1992-06-04
대주산업,003310,1992-08-01
한국알콜,017890,1992-08-04
한일화학,007770,1992-09-07
일지테크,019540,1992-11-03
네이처셀,007390,1992-11-30
삼일기업공사,002290,1992-11-30
원풍,008370,1992-12-18
경동제약,011040,1992-12-18
대림비앤코,005750,1992-12-23
삼륭물산,014970,1992-12-29
DB,012030,1993-01-06
SGC에너지,005090,1993-01-06
중앙에너비스,000440,1993-03-24
디모아,016670,1993-04-21
한국가구,004590,1993-06-03
대원산업,005710,1993-06-21
큐캐피탈,016600,1993-06-21
광림,014200,1993-07-07
대동금속,020400,1993-07-30
경동나비엔,009450,1993-08-31
삼화페인트공업,000390,1993-09-10
엠에스씨,009780,1993-10-12
베뉴지,019010,1993-11-05
삼보산업,009620,1993-12-07
푸른저축은행,007330,1993-12-07
피제이전자,006140,1993-12-07
푸드웰,005670,1993-12-07
유니크,011320,1993-12-29
대양제지,006580,1993-12-29
진로발효,018120,1993-12-29
CBI,013720,1993-12-29
대명소노시즌,007720,1994-01-06
모토닉,009680,1994-01-14
화신,010690,1994-01-14
삼성중공업,010140,1994-01-28
부방,014470,1994-02-25
바른손,018700,1994-03-18
동원시스템즈,014820,1994-03-29
이화산업,000760,1994-04-29
대양금속,009190,1994-04-29
서한,011370,1994-05-24
신라섬유,001000,1994-06-28
원일특강,012620,1994-06-28
엘에스일렉트릭,010120,1994-07-11
와이엠,007530,1994-08-05
일정실업,008500,1994-08-12
오뚜기,007310,1994-08-12
HL D&I,014790,1994-08-12
보성파워텍,006910,1994-09-07
브이티지엠피,018290,1994-09-07
태광,023160,1994-09-07
국영지앤엠,006050,1994-10-07
CNH,023460,1994-10-07
제이스코홀딩스,023440,1994-10-07
유진기업,023410,1994-10-07
모베이스전자,012860,1994-10-26
웅진,016880,1994-11-05
KC그린홀딩스,009440,1994-11-05
문배철강,008420,1994-11-05
한일사료,005860,1994-11-07
플레이위드,023770,1994-11-07
대한광통신,010170,1994-11-07
한국캐피탈,023760,1994-11-07
대림제지,017650,1994-11-07
동일철강,023790,1994-11-07
풍국주정,023900,1994-11-23
이화공영,001840,1994-11-23
대한약품,023910,1994-11-23
흥구석유,024060,1994-12-07
KB오토시스,024120,1994-12-07
신원종합개발,017000,1994-12-07
태평양물산,007980,1994-12-27
에스엠벡셀,010580,1994-12-27
KPX케미칼,025000,1994-12-27
세원물산,024830,1994-12-29
KBI메탈,024840,1994-12-29
대륙제관,004780,1994-12-29
이화전기,024810,1994-12-29
경창산업,024910,1994-12-29
동원개발,013120,1994-12-29
케이피에프,024880,1994-12-29
메디앙스,014100,1995-01-03
PN풍년,024940,1995-01-04
삼천리자전거,024950,1995-01-04
시노펙스,025320,1995-04-20
DH오토웨어,025440,1995-05-22
한국선재,025550,1995-06-19
한탑,002680,1995-07-07
신라에스지,025870,1995-07-07
케이씨피드,025880,1995-07-07
제이준코스메틱,025620,1995-07-08
에넥스,011090,1995-07-08
한국카본,017960,1995-07-08
에이프로젠,007460,1995-07-08
동화기업,025900,1995-08-07
동신건설,025950,1995-08-07
서울도시가스,017390,1995-08-18
이구산업,025820,1995-08-18
HMM,011200,1995-10-05
경인양행,012610,1995-10-05
풀무원,017810,1995-10-05
대신정보통신,020180,1995-10-06
서부T&D,006730,1995-10-06
성우하이텍,015750,1995-11-04
남해화학,025860,1995-11-10
동원금속,018500,1995-11-10
성안,011300,1995-11-10
신대양제지,016590,1995-12-21
와이투솔루션,011690,1995-12-21
인터엠,017250,1996-01-03
광진실업,026910,1996-01-03
아난티,025980,1996-01-06
유니슨,018000,1996-01-10
리드코프,012700,1996-01-19
계룡건설산업,013580,1996-01-30
에스원,012750,1996-01-30
서원,021050,1996-01-30
태경산업,015890,1996-01-30
원익큐브,014190,1996-04-26
에이스침대,003800,1996-05-03
삼목에스폼,018310,1996-05-03
삼보판지,023600,1996-05-29
키다리스튜디오,020120,1996-07-03
세원정공,021820,1996-07-03
한섬,020000,1996-07-03
세하,027970,1996-07-03
영풍제지,006740,1996-07-03
환인제약,016580,1996-07-03
현대엘리베이터,017800,1996-07-03
유니온,000910,1996-07-03
팜스토리,027710,1996-07-06
HLB,028300,1996-07-27
신성이엔지,011930,1996-07-31
한온시스템,018880,1996-07-31
디아이,003160,1996-07-31
티에이치엔,019180,1996-07-31
광무,029480,1996-08-27
대호특수강,021040,1996-08-27
메이슨캐피탈,021880,1996-09-02
원익홀딩스,030530,1996-09-24
한글과컴퓨터,030520,1996-09-24
광전자,017900,1996-10-16
한국단자공업,025540,1996-10-16
HDC,012630,1996-10-16
양지사,030960,1996-10-24
다올투자증권,030210,1996-11-19
WISCOM,024070,1996-11-22
동원수산,030720,1996-11-22
미래산업,025560,1996-11-22
한일단조,024740,1996-11-29
세보엠이씨,011560,1996-12-23
신도리코,029530,1996-12-24
MH에탄올,023150,1996-12-24
삼성엔지니어링,028050,1996-12-24
국동,005320,1996-12-24
퍼시스,016800,1996-12-24
예스코홀딩스,015360,1996-12-24
동남합성,023450,1996-12-24
SK하이닉스,000660,1996-12-26
피에스케이홀딩스,031980,1997-01-07
엔에스엔,031860,1997-01-07
뉴인텍,012340,1997-02-12
콤텍시스템,031820,1997-02-12
에스제이엠홀딩스,025530,1997-02-12
오스템,031510,1997-02-12
경동인베스트,012320,1997-03-07
삼일,032280,1997-03-15
TJ미디어,032540,1997-04-16
휴맥스홀딩스,028080,1997-04-16
피델릭스,032580,1997-04-22
유비케어,032620,1997-05-02
에쓰씨엔지니어링,023960,1997-06-23
인지컨트롤스,023800,1997-06-23
덕양산업,024900,1997-06-23
판타지오,032800,1997-06-26
엠젠솔루션,032790,1997-06-26
비트컴퓨터,032850,1997-07-04
휴먼엔,032860,1997-07-04
삼진,032750,1997-07-14
웰바이오텍,010600,1997-07-18
한국주강,025890,1997-07-18
원익,032940,1997-07-18
소프트센,032680,1997-07-18
원풍물산,008290,1997-07-18
SKC,011790,1997-07-18
동일기연,032960,1997-07-18
아이즈비전,031310,1997-07-25
특수건설,026150,1997-08-06
디지틀조선,033130,1997-08-06
바이온,032980,1997-08-06
와이지-원,019210,1997-08-06
제이엠아이,033050,1997-08-18
제룡전기,033100,1997-08-18
다우기술,023590,1997-08-27
E1,017940,1997-08-27
SK가스,018670,1997-08-27
영보화학,014440,1997-08-27
코콤,015710,1997-09-30
모아텍,033200,1997-10-13
코웰패션,033290,1997-10-13
대원화성,024890,1997-10-28
스페코,013810,1997-11-03
좋은사람들,033340,1997-11-03
제이씨현시스템,033320,1997-11-10
엠투엔,033310,1997-11-10
드래곤플라이,030350,1997-11-10
포스코엠텍,009520,1997-11-10
엠케이전자,033160,1997-11-10
스틱인베스트먼트,026890,1997-11-25
케이씨,029460,1997-11-25
동성화인텍,033500,1997-12-19
파라텍,033540,1997-12-26
한국정보통신,025770,1998-01-20
제일기획,030000,1998-03-03
하이트론씨스템즈,019490,1998-11-04
케이티,030200,1998-12-23
자화전자,033240,1999-01-06
해성산업,034810,1999-04-16
매일홀딩스,005990,1999-05-14
동국산업,005160,1999-06-25
그래디언트,035080,1999-07-05
인성정보,033230,1999-07-30
체시스,033250,1999-08-11
AK홀딩스,006840,1999-08-11
지투알,035000,1999-08-11
대한유화,006650,1999-08-11
백산,035150,1999-08-11
시공테크,020710,1999-08-13
솔본,035610,1999-08-13
바른손이앤에이,035620,1999-08-13
조아제약,034940,1999-08-13
신일제약,012790,1999-08-13
디씨엠,024090,1999-08-18
HD한국조선해양,009540,1999-08-24
케이티앤지,033780,1999-10-08
팜스코,036580,1999-10-25
화천기공,000850,1999-11-18
기산텔레콤,035460,1999-11-18
이지홀딩스,035810,1999-11-23
CJ ENM,035760,1999-11-23
미래아이앤지,007120,1999-11-26
대성창투,027830,1999-11-30
예림당,036000,1999-11-30
서울전자통신,027040,1999-12-03
SCI평가정보,036120,1999-12-07
골드앤에스,035290,1999-12-07
위지트,036090,1999-12-10
유니셈,036200,1999-12-10
코리아나,027050,1999-12-10
유성티엔에스,024800,1999-12-10
네패스,033640,1999-12-14
인지디스플레,037330,1999-12-14
한국가스공사,036460,1999-12-15
대원제약,003220,1999-12-15
삼지전자,037460,1999-12-16
우리엔터프라이즈,037400,1999-12-16
지더블유바이텍,036180,1999-12-21
동진쎄미켐,005290,1999-12-21
선광,003100,1999-12-21
다우데이타,032190,1999-12-21
한국팩키지,037230,1999-12-21
클라우드에어,036170,1999-12-21
제이에스티나,026040,1999-12-21
대성홀딩스,016710,1999-12-22
주성엔지니어링,036930,1999-12-24
서희건설,035890,1999-12-24
케이티알파,036030,1999-12-24
영풍정밀,036560,1999-12-28
SGC이테크건설,016250,1999-12-28
심텍홀딩스,036710,2000-01-04
무림SP,001810,2000-01-04
세종텔레콤,036630,2000-01-04
파세코,037070,2000-01-04
한세예스24홀딩스,016450,2000-01-06
성도이엔지,037350,2000-01-11
제일테크노스,038010,2000-01-11
EG,037370,2000-01-11
감성코퍼레이션,036620,2000-01-11
솔브레인홀딩스,036830,2000-01-18
코맥스,036690,2000-01-18
에프에스티,036810,2000-01-18
레드캡투어,038390,2000-02-01
희림,037440,2000-02-03
마크로젠,038290,2000-02-22
경남스틸,039240,2000-03-07
화성밸브,039610,2000-03-16
케이엠더블유,032500,2000-03-21
에코플라스틱,038110,2000-03-23
대성미생물,036480,2000-04-04
쎄니트,037760,2000-04-07
쌍용정보통신,010280,2000-04-14
SG&G,040610,2000-04-27
아이에이,038880,2000-04-27
에스엠,041510,2000-04-27
에스넷,038680,2000-04-27
나이스정보통신,036800,2000-05-03
위즈코프,038620,2000-05-04
이건홀딩스,039020,2000-05-04
파인디지털,038950,2000-05-04
NICE평가정보,030190,2000-05-16
에스에이엠티,031330,2000-05-23
HRS,036640,2000-05-30
세중,039310,2000-06-09
우리기술투자,041190,2000-06-09
케이바이오,038530,2000-06-09
안국약품,001540,2000-06-15
바이오스마트,038460,2000-06-22
다산네트웍스,039560,2000-06-22
우리기술,032820,2000-06-22
네오위즈홀딩스,042420,2000-06-27
디오,039840,2000-06-29
한국정보공학,039740,2000-07-06
에스씨디,042110,2000-07-13
파루,043200,2000-07-19
삼아제약,009300,2000-07-19
삼아제약,009300,2000-07-19
지니뮤직,043610,2000-07-20
진성티이씨,036890,2000-07-20
현대에이치티,039010,2000-07-20
진양제약,007370,2000-07-27
정상제이엘에스,040420,2000-08-01
코아시아,045970,2000-08-03
비츠로테크,042370,2000-08-03
솔고바이오,043100,2000-08-08
오공,045060,2000-08-10
파나진,046210,2000-08-16
나노엔텍,039860,2000-08-16
서울제약,018680,2000-08-18
상상인,038540,2000-08-18
국순당,043650,2000-08-24
이오테크닉스,039030,2000-08-24
국순당,043650,2000-08-24
엘컴텍,037950,2000-08-24
에쎈테크,043340,2000-08-29
누리플렉스,040160,2000-08-29
한양이엔지,045100,2000-08-31
정원엔시스,045510,2000-09-07
에이치케이,044780,2000-09-07
삼천당제약,000250,2000-10-04
엔피케이,048830,2000-10-12
한국내화,010040,2000-10-16
상지카일룸,042940,2000-10-19
위닉스,044340,2000-10-24
오리콤,010470,2000-10-24
두산에너빌리티,034020,2000-10-25
아즈텍WB,032080,2000-10-26
KD,044180,2000-11-16
이글벳,044960,2000-11-16
동원F&B,049770,2000-11-23
포스코DX,022100,2000-11-28
크린앤사이언스,045520,2000-12-05
고려제약,014570,2000-12-07
인바디,041830,2000-12-14
코다코,046070,2000-12-26
금화피에스시,036190,2000-12-26
라온시큐어,042510,2001-01-03
KCI,036670,2001-01-03
오로라,039830,2001-01-03
삼현철강,017480,2001-01-09
오픈베이스,049480,2001-01-09
삼화네트웍스,046390,2001-01-11
성광벤드,014620,2001-01-11
블레이드 Ent,044480,2001-01-11
유라테크,048430,2001-01-11
코메론,049430,2001-01-16
TPC,048770,2001-01-16
승일,049830,2001-01-18
SM C&C,048550,2001-01-18
HLB이노베이션,024850,2001-01-18
조광ILI,044060,2001-01-18
진양화학,051630,2001-01-29
삼표시멘트,038500,2001-02-01
삼표시멘트,038500,2001-02-01
HD현대인프라코어,042670,2001-02-02
한화오션,042660,2001-02-02
대우건설,047040,2001-03-23
포스코인터내셔널,047050,2001-03-23
LG생활건강,051900,2001-04-25
LG화학,051910,2001-04-25
SFA반도체,036540,2001-05-02
대아티아이,045390,2001-05-17
현대바이오랜드,052260,2001-05-17
캠시스,050110,2001-05-17
에이텍,045660,2001-05-24
에코바이오,038870,2001-05-29
나라엠앤디,051490,2001-06-12
스카이문스테크놀로지,033790,2001-06-26
큐로홀딩스,051780,2001-06-26
티에스넥스젠,043220,2001-07-03
에스티큐브,052020,2001-07-05
코텍,052330,2001-07-10
한네트,052600,2001-07-10
디지아이,043360,2001-07-20
파인디앤씨,049120,2001-07-26
CJ프레시웨이,051500,2001-07-26
세아홀딩스,058650,2001-07-30
중앙디앤엠,051980,2001-07-31
대원미디어,048910,2001-07-31
초록뱀컴퍼니,052300,2001-08-02
유아이엘,049520,2001-08-02
코웨이,021240,2001-08-07
바이넥스,053030,2001-08-07
오성첨단소재,052420,2001-08-07
태양,053620,2001-08-07
세코닉스,053450,2001-08-09
액토즈소프트,052790,2001-08-14
세동,053060,2001-08-17
프로텍,053610,2001-08-17
KCC건설,021320,2001-08-21
한국테크놀로지,053590,2001-08-23
JYP Ent.,035900,2001-08-30
CMG제약,058820,2001-08-31
YTN,040300,2001-09-04
신한지주,055550,2001-09-10
안랩,053800,2001-09-13
코데즈컴바인,047770,2001-09-18
아이디스홀딩스,054800,2001-09-27
SGA,049470,2001-10-11
엑서지21,043090,2001-10-11
지에스이,053050,2001-10-11
메디콕스,054180,2001-10-16
코나아이,052400,2001-10-18
코미팜,041960,2001-10-30
프리엠스,053160,2001-10-30
한컴위드,054920,2001-11-01
경남제약,053950,2001-11-06
삼보모터스,053700,2001-11-06
태웅,044490,2001-11-08
유진로봇,056080,2001-11-13
에이디칩스,054630,2001-11-13
삼영엠텍,054540,2001-11-15
YW,051390,2001-11-15
이니텍,053350,2001-11-15
MIT,038340,2001-11-22
성호전자,043260,2001-11-29
코위버,056360,2001-12-04
APS,054620,2001-12-04
종근당바이오,063160,2001-12-11
엑사이엔씨,054940,2001-12-13
피에이치에이,043370,2001-12-13
신화인터텍,056700,2001-12-13
리노공업,058470,2001-12-18
성우테크론,045300,2001-12-18
에스에프에이,056190,2001-12-18
웰킵스하이텍,043590,2001-12-20
동아화성,041930,2001-12-26
KH 필룩스,033180,2001-12-26
오리엔탈정공,014940,2001-12-26
비츠로시스,054220,2001-12-26
금강철강,053260,2002-01-04
룽투코리아,060240,2002-01-04
CNT85,056730,2002-01-04
NHN KCP,060250,2002-01-08
일진디스플,020760,2002-01-09
큐로컴,040350,2002-01-10
한빛소프트,047080,2002-01-10
팬스타엔터프라이즈,054300,2002-01-10
대동스틸,048470,2002-01-10
링네트,042500,2002-01-10
한국컴퓨터,054040,2002-01-15
프럼파스트,035200,2002-01-15
미코,059090,2002-01-15
유신,054930,2002-01-15
엔터파트너즈,058450,2002-01-17
서울반도체,046890,2002-01-17
아가방컴퍼니,013990,2002-01-17
제일바이오,052670,2002-01-24
고려신용정보,049720,2002-01-31
뉴보텍,060260,2002-02-05
백금T&A,046310,2002-02-05
뉴보텍,060260,2002-02-05
동양에스텍,060380,2002-02-05
파나케이아,058530,2002-02-05
구영테크,053270,2002-02-07
한국기업평가,034950,2002-02-07
광주신세계,037710,2002-02-07
KT서브마린,060370,2002-02-15
피씨디렉트,051380,2002-02-15
씨티씨바이오,060590,2002-02-21
인탑스,049070,2002-02-21
대한뉴팜,054670,2002-02-26
에스티아이,039440,2002-02-28
잉크테크,049550,2002-02-28
SNT모티브,064960,2002-03-11
케이엘넷,039420,2002-03-12
농우바이오,054050,2002-04-02
오상자이엘,053980,2002-04-09
한국콜마홀딩스,024720,2002-04-09
화일약품,061250,2002-04-18
LG전자,066570,2002-04-22
3S,060310,2002-04-23
ES큐브,050120,2002-04-25
케이피티유,054410,2002-04-25
이랜텍,054210,2002-05-09
에스폴리텍,050760,2002-05-16
알에프텍,061040,2002-05-16
KH바텍,060720,2002-05-21
셀루메드,049180,2002-05-23
우신시스템,017370,2002-05-28
지어소프트,051160,2002-05-28
지엔코,065060,2002-05-28
SM Life Design,063440,2002-05-30
와이어블,065530,2002-06-04
인선이엔티,060150,2002-06-14
신세계건설,034300,2002-06-17
우원개발,046940,2002-06-18
티사이언티픽,057680,2002-06-18
소니드,060230,2002-06-25
큐렉소,060280,2002-07-03
아비코전자,036010,2002-07-03
홈센타홀딩스,060560,2002-07-11
서울리거,043710,2002-07-11
서호전기,065710,2002-07-16
한샘,009240,2002-07-16
파커스,065690,2002-07-16
교보증권,030610,2002-07-18
토탈소프트,045340,2002-07-19
에스피지,058610,2002-07-23
세이브존I&C,067830,2002-07-25
삼성출판사,068290,2002-08-05
현대바이오,048410,2002-08-08
리노스,039980,2002-08-13
포스코스틸리온,058430,2002-08-16
아이톡시,052770,2002-08-22
에스아이리소스,065420,2002-08-22
젬백스링크,064800,2002-08-22
국보디자인,066620,2002-09-05
DGP,060900,2002-09-17
오리엔트정공,065500,2002-09-19
세종공업,033530,2002-09-25
새로닉스,042600,2002-10-01
티케이지휴켐스,069260,2002-10-07
SNT홀딩스,036530,2002-10-22
마니커,027740,2002-10-29
대웅제약,069620,2002-11-01
플래스크,041590,2002-11-01
파라다이스,034230,2002-11-05
대호에이엘,069460,2002-11-11
비엘팜텍,065170,2002-11-19
KG이니시스,035600,2002-11-22
현대백화점,069960,2002-11-25
테크엘,064520,2002-12-04
NE능률,053290,2002-12-10
쎌바이오텍,049960,2002-12-13
웨스트라이즈,064090,2002-12-17
초록뱀미디어,047820,2002-12-24
와이오엠,066430,2002-12-24
디스플레이텍,066670,2002-12-30
엘앤에프,066970,2003-01-02
케이피엠테크,042040,2003-01-07
한농화성,011500,2003-01-09
리더스코스메틱,016100,2003-01-15
이엔코퍼레이션,066980,2003-01-17
삼영이엔씨,065570,2003-01-21
메디프론,065650,2003-01-21
인터플렉스,051370,2003-01-22
한국큐빅,021650,2003-01-24
재영솔루텍,049630,2003-01-24
태경케미컬,006890,2003-01-28
DSR제강,069730,2003-01-28
이루온,065440,2003-01-28
탑엔지니어링,065130,2003-01-29
빅텍,065450,2003-02-05
SBS콘텐츠허브,046140,2003-02-05
JW신약,067290,2003-02-11
하츠,066130,2003-02-11
우수AMS,066590,2003-02-12
대화제약,067080,2003-02-14
하이스틸,071090,2003-02-17
엔씨소프트,036570,2003-05-22
웹젠,069080,2003-05-23
씨씨에스,066790,2003-05-30
홈캐스트,064240,2003-06-11
SBS,034120,2003-06-25
녹원씨엔아이,065560,2003-07-01
유엔젤,072130,2003-07-01
이라이콤,041520,2003-07-04
한국금융지주,071050,2003-07-21
파워로직스,047310,2003-07-25
웰크론,065950,2003-07-29
농심홀딩스,072710,2003-07-30
아모텍,052710,2003-08-01
YG PLUS,037270,2003-08-01
티씨케이,064760,2003-08-18
유아이디,069330,2003-08-18
강원랜드,035250,2003-09-04
이수페타시스,007660,2003-10-07
코스온,069110,2003-10-14
디지털대성,068930,2003-10-17
우리산업홀딩스,072470,2003-10-28
중앙백신,072020,2003-10-31
휴비츠,065510,2003-10-31
한솔홈데코,025750,2003-11-04
에스텍,069510,2003-11-14
현대에버다임,041440,2003-11-14
키이스트,054780,2003-11-14
로체시스템즈,071280,2003-11-14
오텍,067170,2003-11-14
원익QnC,074600,2003-12-12
아프리카TV,067160,2003-12-19
버킷스튜디오,066410,2003-12-19
드림어스컴퍼니,060570,2003-12-19
이엔플러스,074610,2003-12-23
기업은행,024110,2003-12-24
피에이치씨,057880,2003-12-29
우주일렉트로,065680,2004-01-02
테라사이언스,073640,2004-01-06
리튬포어스,073570,2004-01-06
한솔인티큐브,070590,2004-01-08
세진티에스,067770,2004-01-09
대교,019680,2004-02-03
NICE,034310,2004-02-04
에스텍파마,041910,2004-02-06
듀오백,073190,2004-02-06
삼진엘앤디,054090,2004-02-06
라이트론,069540,2004-02-13
동국알앤에스,075970,2004-02-13
STX엔진,077970,2004-05-10
한양디지텍,078350,2004-05-14
디에이피,066900,2004-05-14
테라젠이텍스,066700,2004-05-27
CS,065770,2004-06-04
아미노로직스,074430,2004-06-04
YBM넷,057030,2004-06-08
코엔텍,029960,2004-06-18
비케이홀딩스,050090,2004-06-29
형지I&C,011080,2004-07-02
텔코웨어,078000,2004-07-20
LG디스플레이,034220,2004-07-23
다날,064260,2004-07-23
한국경제TV,039340,2004-07-30
다스코,058730,2004-08-02
GS,078930,2004-08-05
유니퀘스트,077500,2004-08-05
신성델타테크,065350,2004-08-06
시너지이노베이션,048870,2004-08-13
코드네이처,078940,2004-08-27
인팩,023810,2004-09-21
DMS,068790,2004-10-01
국일제지,078130,2004-10-22
상신브레이크,041650,2004-10-27
제넨바이오,072520,2004-10-29
토비스,051360,2004-11-19
유니드,014830,2004-12-03
도이치모터스,067990,2004-12-03
HB테크놀러지,078150,2004-12-08
대주전자재료,078600,2004-12-10
텔레칩스,054450,2004-12-10
KG모빌리언스,046440,2004-12-14
케이에스피,073010,2004-12-17
메가스터디,072870,2004-12-21
일진다이아,081000,2004-12-22
CJ CGV,079160,2004-12-24
아이크래프트,052460,2005-01-03
미래컴퍼니,049950,2005-01-04
손오공,066910,2005-01-07
KX하이텍,052900,2005-01-18
서산,079650,2005-01-21
iMBC,052220,2005-01-21
에스엔유,080000,2005-01-25
디이엔티,079810,2005-01-26
한창산업,079170,2005-02-01
제주반도체,080220,2005-02-01
동양이엔피,079960,2005-02-01
이노와이어리스,073490,2005-02-04
인베니아,079950,2005-02-04
금호타이어,073240,2005-02-17
삼호개발,010960,2005-05-12
플랜티넷,075130,2005-06-10
젬백스,082270,2005-06-24
옵트론텍,082210,2005-06-24
동일산업,004890,2005-06-30
쏠리드,050890,2005-07-08
가온그룹,078890,2005-07-12
한미반도체,042700,2005-07-22
동양고속,084670,2005-07-25
모두투어,080160,2005-07-26
이월드,084680,2005-07-26
메디포스트,078160,2005-07-29
우리바이오,082850,2005-07-29
코아스,071950,2005-08-04
아리온,058220,2005-08-05
대상홀딩스,084690,2005-08-17
이상네트웍스,080010,2005-09-30
코스나인,082660,2005-10-05
엘오티베큠,083310,2005-10-05
아바코,083930,2005-10-11
하나마이크론,067310,2005-10-11
덕산하이메탈,077360,2005-10-14
가비아,079940,2005-10-19
그린케미칼,083420,2005-10-20
새론오토모티브,075180,2005-10-21
서린바이오,038070,2005-10-25
디아크,078590,2005-10-27
폴라리스오피스,041020,2005-10-28
대한제강,084010,2005-10-31
와토스코리아,079000,2005-11-15
자연과환경,043910,2005-11-18
비보존 제약,082800,2005-11-18
현대리바트,079430,2005-11-22
케스피온,079190,2005-11-29
비에이치아이,083650,2005-12-02
모다이노칩,080420,2005-12-06
제일연마,001560,2005-12-09
하나금융지주,086790,2005-12-12
수성샐바시온,084180,2005-12-16
티비에이치글로벌,084870,2005-12-19
케이엠,083550,2005-12-20
케이엠,083550,2005-12-20
대봉엘에스,078140,2005-12-23
와이엔텍,067900,2005-12-23
현대글로비스,086280,2005-12-26
차바이오텍,085660,2005-12-27
인콘,083640,2005-12-27
바이오니아,064550,2005-12-29
헬릭스미스,084990,2005-12-29
크리스탈지노믹스,083790,2006-01-06
뉴프렉스,085670,2006-01-17
유진테크,084370,2006-01-17
제우스,079370,2006-02-01
에너토크,019990,2006-02-01
GST,083450,2006-02-01
셀트리온제약,068760,2006-02-03
롯데쇼핑,023530,2006-02-09
맥쿼리인프라,088980,2006-03-15
에이스테크,088800,2006-03-27
진도,088790,2006-03-28
TKG애강,022220,2006-04-11
진바이오텍,086060,2006-04-28
신세계I&C,035510,2006-05-18
팅크웨어,084730,2006-05-19
우진플라임,049800,2006-05-24
평화산업,090080,2006-06-02
제이브이엠,054950,2006-06-07
롯데관광개발,032350,2006-06-08
동우팜투테이블,088910,2006-06-23
아이오케이,078860,2006-06-27
아모레퍼시픽,090430,2006-06-29
노루페인트,090350,2006-07-03
인포뱅크,039290,2006-07-04
루트로닉,085370,2006-07-04
팬엔터테인먼트,068050,2006-07-07
쇼박스,086980,2006-07-07
한국전자금융,063570,2006-07-14
CSA 코스믹,083660,2006-07-25
티엘아이,062860,2006-07-25
세원이앤씨,091090,2006-07-31
루멘스,038060,2006-08-08
HDC현대EP,089470,2006-09-25
MDS테크,086960,2006-09-26
바텍,043150,2006-09-29
THE E&M,089230,2006-10-10
KPX홀딩스,092230,2006-10-12
KEC,092220,2006-10-16
삼정펄프,009770,2006-10-17
아이윈,090150,2006-10-20
이녹스,088390,2006-10-20
제이티,089790,2006-10-27
넥스턴바이오,089140,2006-11-01
성창오토텍,080470,2006-11-03
인천도시가스,034590,2006-11-07
코세스,089890,2006-11-08
코스맥스비티아이,044820,2006-11-13
주연테크,044380,2006-11-15
멀티캠퍼스,067280,2006-11-16
큐에스아이,066310,2006-11-24
에스에이티,060540,2006-11-28
LF,093050,2006-12-01
휴림로봇,090710,2006-12-05
유니테스트,086390,2006-12-05
파트론,091700,2006-12-13
케이씨티,089150,2006-12-13
휴온스글로벌,084110,2006-12-19
후성,093370,2006-12-22
메타랩스,090370,2006-12-26
동아엘텍,088130,2007-01-03
제이스텍,090470,2007-01-10
켐트로닉스,089010,2007-01-17
오스코텍,039200,2007-01-17
네오팜,092730,2007-01-30
나노캠텍,091970,2007-01-30
오스템임플란트,048260,2007-02-07
매커스,093520,2007-02-12
이베스트투자증권,078020,2007-02-21
맵스리얼티1,094800,2007-04-09
네오리진,094860,2007-04-16
참좋은여행,094850,2007-04-30
이엠텍,091120,2007-05-02
에프알텍,073540,2007-05-18
한라IMS,092460,2007-05-22
상신이디피,091580,2007-05-23
동국제약,086450,2007-05-29
케이프,064820,2007-05-29
웅진씽크빅,095720,2007-05-31
풍강,093380,2007-06-01
알루코,001780,2007-06-07
엔텔스,069410,2007-06-20
앤씨앤,092600,2007-06-26
삼성카드,029780,2007-06-27
네오위즈,095660,2007-07-02
컴투스,078340,2007-07-06
DSEN,065150,2007-07-18
갤럭시아머니트리,094480,2007-07-20
에코프로,086520,2007-07-20
SK이노베이션,096770,2007-07-25
율호,072770,2007-07-25
S&K폴리텍,091340,2007-07-30
JW홀딩스,096760,2007-07-31
빅솔론,093190,2007-08-20
HJ중공업,097230,2007-08-31
웨이브일렉트로,095270,2007-09-12
푸른기술,094940,2007-09-14
옴니시스템,057540,2007-09-19
바이오톡스텍,086040,2007-09-21
팬오션,028670,2007-09-21
CJ제일제당,097950,2007-09-28
네오티스,085910,2007-10-01
상보,027580,2007-10-01
미래나노텍,095500,2007-10-01
ISC,095340,2007-10-01
오디텍,080520,2007-10-08
성우전자,081580,2007-10-12
엘엠에스,073110,2007-10-12
제이엠티,094970,2007-10-12
에스에너지,095910,2007-10-16
디아이씨,092200,2007-10-18
케이알엠,093640,2007-10-19
유나이티드,033270,2007-10-23
현우산업,092300,2007-10-24
효성 ITX,094280,2007-10-25
KSS해운,044450,2007-10-26
이엠코리아,095190,2007-10-29
기신정기,092440,2007-10-30
이아이디,093230,2007-11-01
비엠티,086670,2007-11-02
일진파워,094820,2007-11-06
디엔에프,092070,2007-11-16
알에프세미,096610,2007-11-20
아이에스이커머스,069920,2007-12-05
한전KPS,051600,2007-12-14
대창솔루션,096350,2007-12-17
이씨에스,067010,2007-12-18
서원인텍,093920,2007-12-20
에스코넥,096630,2007-12-26
일신바이오,068330,2007-12-26
에스맥,097780,2008-01-23
엔케이,085310,2008-01-24
이트론,096040,2008-01-25
텔레필드,091440,2008-02-01
진양홀딩스,100250,2008-02-15
SNT에너지,100840,2008-02-22
아시아나항공,020560,2008-03-28
인바이오젠,101140,2008-04-02
효성오앤비,097870,2008-04-08
메타바이오메드,059210,2008-04-15
LG유플러스,032640,2008-04-21
엘디티,096870,2008-05-02
예스24,053280,2008-05-07
우진비앤지,018620,2008-05-20
테스,095610,2008-05-20
조이시티,067000,2008-05-30
고영,098460,2008-06-03
브리지텍,064480,2008-06-04
쌍방울,102280,2008-06-10
쎄트렉아이,099320,2008-06-13
월덱스,101160,2008-06-19
동성케미컬,102260,2008-06-23
크레버스,096240,2008-06-27
비상교육,100220,2008-06-30
서울옥션,063170,2008-07-01
이스트소프트,047560,2008-07-01
명문제약,017180,2008-07-10
슈프리마에이치큐,094840,2008-07-11
하이드로리튬,101670,2008-07-15
웰크론한텍,076080,2008-07-18
아이엠,101390,2008-07-23
LG이노텍,011070,2008-07-24
풍산,103140,2008-07-30
일진전기,103590,2008-08-01
이엠앤아이,083470,2008-09-18
마이크로컨텍솔,098120,2008-09-23
한국철강,104700,2008-09-29
세운메디칼,100700,2008-09-30
KB금융,105560,2008-10-10
부국철강,026940,2008-10-14
이크레더블,092130,2008-10-24
HLB생명과학,067630,2008-11-25
NAVER,035420,2008-11-28
아이컴포넌트,059100,2008-12-16
엠게임,058630,2008-12-19
메디톡스,086900,2009-01-16
대성파인텍,104040,2009-01-23
유비쿼스홀딩스,078070,2009-01-23
이수앱지스,086890,2009-02-03
미원홀딩스,107590,2009-03-02
파인테크닉스,106240,2009-03-16
컨버즈,109070,2009-03-17
한세실업,105630,2009-03-20
엔시트론,101400,2009-03-31
코오롱생명과학,102940,2009-04-07
뷰웍스,100120,2009-04-10
에스앤에스텍,101490,2009-04-14
에이테크솔루션,071670,2009-04-17
에스티오,098660,2009-04-17
LX하우시스,108670,2009-04-20
티플랙스,081150,2009-04-23
우림피티에스,101170,2009-04-28
흥국,010240,2009-05-12
STX중공업,071970,2009-05-15
SDN,099220,2009-05-19
한국정밀기계,101680,2009-05-19
스맥,099440,2009-05-26
이엔에프테크놀로지,102710,2009-05-28
위메이드맥스,101730,2009-06-03
어보브반도체,102120,2009-06-05
동아지질,028100,2009-06-12
한미글로벌,053690,2009-06-23
동일금속,109860,2009-07-28
영원무역,111770,2009-07-30
컴투스홀딩스,063080,2009-07-30
키움증권,039490,2009-08-03
에스앤더블류,103230,2009-08-05
동국S&C,100130,2009-08-31
톱텍,108230,2009-09-15
제넥신,095700,2009-09-15
디에스케이,109740,2009-09-23
형지엘리트,093240,2009-09-28
케이엔더블유,105330,2009-09-29
유니온머티리얼,047400,2009-09-29
아이앤씨,052860,2009-10-06
NHN벅스,104200,2009-10-06
동양생명,082640,2009-10-08
한스바이오메드,042520,2009-10-09
하이트진로,000080,2009-10-19
비츠로셀,082920,2009-10-28
황금에스티,032560,2009-10-29
진매트릭스,109820,2009-11-06
상상인인더스트리,101000,2009-11-06
동방선기,099410,2009-11-10
SK,034730,2009-11-11
에이프로젠 H&G,109960,2009-11-13
휴맥스,115160,2009-11-16
GKL,114090,2009-11-19
강원에너지,114190,2009-11-20
이원컴포텍,088290,2009-12-01
셀바스AI,108860,2009-12-10
한전기술,052690,2009-12-14
위메이드,112040,2009-12-18
멜파스,096640,2009-12-18
디와이피엔에프,104460,2009-12-22
그린생명과학,114450,2009-12-22
ITX-AI,099520,2009-12-22
글로벌에스엠,900070,2009-12-23
더메디팜,118000,2009-12-30
코디,080530,2010-01-05
폴라리스우노,114630,2010-01-15
영흥,012160,2010-01-25
아세아텍,050860,2010-01-26
스타플렉스,115570,2010-01-27
우리넷,115440,2010-01-27
락앤락,115390,2010-01-28
KC코트렐,119650,2010-01-29
지역난방공사,071320,2010-01-29
코오롱인더,120110,2010-02-01
모베이스,101330,2010-02-04
하이소닉,106080,2010-02-09
인포바인,115310,2010-02-09
조선선재,120030,2010-02-19
이미지스,115610,2010-02-26
한화생명,088350,2010-03-17
삼기,122350,2010-03-19
HLB테라퓨틱스,115450,2010-03-26
씨케이에이치,900120,2010-03-31
케이씨에스,115500,2010-04-14
애머릿지,900100,2010-04-21
이스트아시아홀딩스,900110,2010-04-23
신세계푸드,031440,2010-04-29
삼성생명,032830,2010-05-12
HL홀딩스,060980,2010-05-19
인지소프트,100030,2010-05-25
서진오토모티브,122690,2010-05-25
인피니트헬스케어,071200,2010-05-26
에스제이엠,123700,2010-05-31
투비소프트,079970,2010-06-01
한국화장품,123690,2010-06-01
엑스큐어,070300,2010-06-09
이연제약,102460,2010-06-10
오르비텍,046120,2010-06-15
유비벨록스,089850,2010-06-18
알톤스포츠,123750,2010-07-02
에스디시스템,121890,2010-07-16
무학,033920,2010-07-20
크루셜텍,114120,2010-07-21
우진,105840,2010-07-26
하이텍팜,106190,2010-07-28
인터로조,119610,2010-07-28
대성산업,128820,2010-07-30
아이마켓코리아,122900,2010-07-30
한미약품,128940,2010-07-30
이글루,067920,2010-08-04
엠에스오토텍,123040,2010-08-06
도화엔지니어링,002150,2010-08-12
코리아에프티,123410,2010-08-27
화신정공,126640,2010-08-31
씨젠,096530,2010-09-10
와이솔,122990,2010-09-10
하이비젼시스템,126700,2010-09-10
현대홈쇼핑,057050,2010-09-13
다원시스,068240,2010-09-14
KTcs,058850,2010-09-16
포메탈,119500,2010-09-17
알파홀딩스,117670,2010-09-17
휠라홀딩스,081660,2010-09-28
한일진공,123840,2010-10-05
셀피글로벌,068940,2010-10-19
인화정공,101930,2010-10-22
지나인제약,078650,2010-10-22
누리플랜,069140,2010-10-26
아이텍,119830,2010-10-26
비케이탑스,030790,2010-11-02
KNN,058400,2010-11-03
KH 전자,111870,2010-11-05
아나패스,123860,2010-11-05
위메이드플레이,123420,2010-11-10
디케이락,105740,2010-11-12
BGF에코머티리얼즈,126600,2010-11-12
한국전자인증,041460,2010-11-19
시그네틱스,033170,2010-11-26
티비씨,033830,2010-11-29
엘브이엠씨,900140,2010-11-30
에이루트,096690,2010-12-01
옵투스제약,131030,2010-12-03
피제이메탈,128660,2010-12-13
한전산업,130660,2010-12-16
KTis,058860,2010-12-17
대정화금,120240,2010-12-20
현대퓨처넷,126560,2010-12-23
대성에너지,117580,2010-12-24
이브이첨단소재,131400,2010-12-27
HSD엔진,082740,2011-01-04
티에스이,131290,2011-01-05
인텍플러스,064290,2011-01-05
알서포트,131370,2011-01-05
커넥트웨이브,119860,2011-01-24
시디즈,134790,2011-01-25
블루콤,033560,2011-01-26
인트론바이오,048530,2011-01-26
딜리,131180,2011-01-31
제이엔케이히터,126880,2011-01-31
LB세미콘,061970,2011-01-31
티피씨글로벌,130740,2011-02-08
케이아이엔엑스,093320,2011-02-08
나노신소재,121600,2011-02-09
미원화학,134380,2011-02-15
선진,136490,2011-02-16
현대위아,011210,2011-02-21
부스타,008470,2011-02-23
롯데에너지머티리얼즈,020150,2011-03-04
BNK금융지주,138930,2011-03-30
티케이케미칼,104480,2011-04-26
이퓨쳐,134060,2011-04-27
한국종합기술,023350,2011-04-28
윈스,136540,2011-05-02
하림,136480,2011-05-02
메리츠금융지주,138040,2011-05-13
골프존뉴딘홀딩스,121440,2011-05-20
KX,122450,2011-05-25
세아특수강,019440,2011-06-01
엘아이에스,138690,2011-06-02
케이티스카이라이프,053210,2011-06-03
DGB금융지주,139130,2011-06-07
이마트,139480,2011-06-10
초록뱀이앤엠,131100,2011-06-14
넥스트아이,137940,2011-06-14
코오롱플라스틱,138490,2011-06-15
한세엠케이,069640,2011-06-21
서연탑메탈,019770,2011-06-24
롯데하이마트,071840,2011-06-29
한국항공우주,047810,2011-06-30
대양전기공업,108380,2011-07-08
옵티시스,109080,2011-07-12
나이벡,138610,2011-07-13
신세계인터내셔날,031430,2011-07-14
에이리츠,140910,2011-07-14
상아프론테크,089980,2011-07-21
삼원강재,023000,2011-07-22
시티랩스,139050,2011-07-29
제닉,123330,2011-08-03
아이씨디,040910,2011-08-05
제이씨케미칼,137950,2011-08-08
에이블씨엔씨,078520,2011-09-07
아이디스,143160,2011-09-26
대한과학,131220,2011-10-11
대한과학,131220,2011-10-11
로보스타,090360,2011-10-17
하나투어,039130,2011-11-01
씨엔플러스,115530,2011-11-02
에스엠코어,007820,2011-11-08
씨큐브,101240,2011-11-08
테크윙,089030,2011-11-10
에이티세미콘,089530,2011-11-11
스마트솔루션즈,136510,2011-11-18
와이지엔터테인먼트,122870,2011-11-23
이엠넷,123570,2011-11-25
신진에스엠,138070,2011-11-28
비덴트,121800,2011-12-01
키네마스터,139670,2011-12-02
삼양사,145990,2011-12-05
씨유메디칼,115480,2011-12-15
씨유메디칼,115480,2011-12-15
인터지스,129260,2011-12-16
서암기계공업,100660,2011-12-19
시큐브,131090,2011-12-21
나이스디앤비,130580,2011-12-22
GS리테일,007070,2011-12-23
디엔에이링크,127120,2011-12-26
원익머트리얼즈,104830,2011-12-28
메지온,140410,2012-01-20
케이탑리츠,145270,2012-01-31
남화토건,091590,2012-01-31
제룡산업,147830,2012-02-13
사람인,143240,2012-02-21
휴비스,079980,2012-02-23
한국ANKOR유전,152550,2012-03-08
빛샘전자,072950,2012-03-21
비아트론,141000,2012-05-04
바다로19호,155900,2012-06-29
사조씨푸드,014710,2012-06-29
피엔티,137400,2012-07-06
노블엠앤비,106520,2012-07-13
네이블커뮤니케이션즈,153460,2012-07-19
SK렌터카,068400,2012-07-27
SBW생명과학,151910,2012-08-02
애경케미칼,161000,2012-09-17
코이즈,121850,2012-09-27
한국타이어앤테크놀로지,161390,2012-10-04
동일고무벨트,163560,2012-10-19
한국콜마,161890,2012-10-19
아바텍,149950,2012-11-06
LG헬로비전,037560,2012-11-09
와이엠씨,155650,2012-11-15
지엠비코리아,013870,2012-11-20
디젠스,113810,2012-11-22
우리로,046970,2012-11-27
SBI핀테크솔루션즈,950110,2012-12-17
스킨앤스킨,159910,2012-12-27
디에스앤엘,141020,2013-01-29
아이센스,099190,2013-01-30
우리이앤엘,153490,2013-02-05
한솔아이원스,114810,2013-02-07
제로투세븐,159580,2013-02-19
코렌텍,104540,2013-03-05
윈팩,097800,2013-03-07
동아에스티,170900,2013-04-08
한국패러랠,168490,2013-04-19
레고켐바이오,141080,2013-05-10
DSR,155660,2013-05-15
엑세스바이오,950130,2013-05-30
대주이엔티,114920,2013-07-01
큐러블,086460,2013-07-01
태양기계,116100,2013-07-01
렌딩머신,179720,2013-07-01
나스미디어,089600,2013-07-17
JB금융지주,175330,2013-07-18
KG ETS,151860,2013-07-24
파이오링크,170790,2013-08-01
GH신소재,130500,2013-08-02
엔에이치엔,181710,2013-08-29
아미코젠,092040,2013-09-12
한진칼,180640,2013-09-16
지엔씨에너지,119850,2013-10-02
엘티씨,170920,2013-10-08
파수,150900,2013-10-18
두산테스나,131970,2013-10-22
수프로,185190,2013-10-29
현대로템,064350,2013-10-30
내츄럴엔도텍,168330,2013-10-31
해성옵틱스,076610,2013-11-06
아세아시멘트,183190,2013-11-06
협진,138360,2013-11-08
골프존데카,183410,2013-11-12
THE MIDONG,161570,2013-11-13
램테크놀러지,171010,2013-11-18
라이온켐텍,171120,2013-11-19
큐브엔터,182360,2013-11-21
신송홀딩스,006880,2013-11-21
탑코미디어,134580,2013-11-26
엔브이에이치코리아,067570,2013-12-03
현대공업,170030,2013-12-04
알티캐스트,085810,2013-12-06
종근당,185750,2013-12-06
한중엔시에스,107640,2013-12-10
기가레인,049080,2013-12-19
인트로메딕,150840,2013-12-19
대동고려삼,178600,2013-12-20
SGA솔루션즈,184230,2013-12-20
코셋,189350,2013-12-24
위월드,140660,2013-12-26
현대이지웰,090850,2013-12-27
다산솔루에타,154040,2013-12-27
한국정보인증,053300,2014-02-04
오이솔루션,138080,2014-02-27
코스맥스,192820,2014-04-07
케이사인,192250,2014-04-28
나노,187790,2014-05-08
BGF,027410,2014-05-19
캐스텍코리아,071850,2014-05-27
코아시아씨엠,196450,2014-06-02
데이터스트림즈,199150,2014-06-25
큐엠씨,136660,2014-07-01
트루윈,105550,2014-07-11
화인베스틸,133820,2014-07-22
콜마비앤에이치,200130,2014-07-23
아진엑스텍,059120,2014-07-24
윈하이텍,192390,2014-07-25
창해에탄올,004650,2014-07-30
덕신하우징,090410,2014-08-01
파버나인,177830,2014-08-04
쿠쿠홀딩스,192400,2014-08-06
서연이화,200880,2014-08-08
신화콘텍,187270,2014-08-08
판도라티비,202960,2014-08-11
고려시멘트,198440,2014-08-13
휴림네트웍스,192410,2014-08-14
프로스테믹스,203690,2014-09-30
데브시스터즈,194480,2014-10-06
HL만도,204320,2014-10-06
메디아나,041920,2014-10-07
메디아나,041920,2014-10-07
드림시큐리티,203650,2014-10-13
유니포인트,121060,2014-10-24
영우디에스피,143540,2014-10-29
슈피겐코리아,192440,2014-11-05
테고사이언스,191420,2014-11-06
엑셈,205100,2014-11-07
액션스퀘어,205500,2014-11-12
아이케이세미콘,149010,2014-11-14
삼성에스디에스,018260,2014-11-14
글로벌텍스프리,204620,2014-11-19
디에이테크놀로지,196490,2014-11-19
지엘팜텍,204840,2014-11-20
텔콘RF제약,200230,2014-11-24
씨에스윈드,112610,2014-11-27
휴마시스,205470,2014-12-01
에프엔씨엔터,173940,2014-12-04
피노텍,150440,2014-12-05
대창스틸,140520,2014-12-05
베노홀딩스,206400,2014-12-10
미스터블루,207760,2014-12-12
알테오젠,196170,2014-12-12
비씨월드제약,200780,2014-12-15
빅텐츠,210120,2014-12-16
에이디테크놀로지,200710,2014-12-16
랩지노믹스,084650,2014-12-16
셀바스헬스케어,208370,2014-12-17
정다운,208140,2014-12-17
녹십자엠에스,142280,2014-12-17
디티앤씨,187220,2014-12-17
하이로닉,149980,2014-12-17
미래엔에듀파트너,208890,2014-12-18
삼성물산,028260,2014-12-18
NEW,160550,2014-12-23
아이티센,124500,2014-12-23
아스트,067390,2014-12-24
서전기전,189860,2014-12-24
바이오로그디바이스,208710,2014-12-24
오킨스전자,080580,2014-12-24
지란지교시큐리티,208350,2014-12-24
휴메딕스,200670,2014-12-26
에이팩트,200470,2014-12-26
스튜디오산타클로스,204630,2014-12-29
바디텍메드,206640,2014-12-29
썸에이지,208640,2014-12-29
와이제이엠게임즈,193250,2014-12-29
듀켐바이오,176750,2014-12-29
국일신동,060480,2014-12-29
바디텍메드,206640,2014-12-29
디와이파워,210540,2015-01-15
한솔제지,213500,2015-01-26
덕산네오룩스,213420,2015-02-06
포시에스,189690,2015-02-11
다이나믹디자인,145210,2015-03-19
FSN,214270,2015-03-25
클래시스,214150,2015-04-03
골프존,215000,2015-04-03
에이비프로바이오,195990,2015-04-13
디알텍,214680,2015-04-20
로보로보,215100,2015-04-22
휴센텍,215090,2015-04-28
썬테크,217320,2015-04-29
메가스터디교육,215200,2015-05-04
우리산업,215360,2015-05-06
알비케이그룹,215790,2015-05-08
토박스코리아,215480,2015-05-13
우정바이오,215380,2015-05-18
관악산업,076340,2015-05-18
틸론,217880,2015-05-28
제노포커스,187420,2015-05-29
디딤이앤에프,217620,2015-06-10
픽셀플러스,087600,2015-06-12
러셀,217500,2015-06-16
싸이맥스,160980,2015-06-17
미래생명자원,218150,2015-06-18
넵튠,217270,2015-06-18
베셀,177350,2015-06-19
씨앗,103660,2015-06-22
SK디앤디,210980,2015-06-23
에스엘에너지,214310,2015-06-25
이큐셀,160600,2015-06-26
코아스템켐온,166480,2015-06-26
유투바이오,221800,2015-06-29
경보제약,214390,2015-06-29
인바이츠바이오코아,216400,2015-06-29
동운아나텍,094170,2015-06-30
일월지엠엘,178780,2015-06-30
헥토이노베이션,214180,2015-06-30
RFHIC,218410,2015-06-30
미래에셋생명,085620,2015-07-08
로지스몬,223220,2015-07-09
비엘헬스케어,086220,2015-07-09
토니모리,214420,2015-07-10
이노션,214320,2015-07-17
디와이디,219550,2015-07-22
펩트론,087010,2015-07-22
파마리서치,214450,2015-07-24
파마리서치,214450,2015-07-24
켐트로스,220260,2015-07-27
플럼라인생명과학,222670,2015-07-28
로지시스,067730,2015-07-29
아이쓰리시스템,214430,2015-07-30
아시아경제,127710,2015-07-31
엔에스컴퍼니,224760,2015-07-31
칩스앤미디어,094360,2015-08-05
쎄노텍,222420,2015-08-06
심텍,222800,2015-08-07
흥국에프엔비,189980,2015-08-07
세토피아,222810,2015-08-13
파인텍,131760,2015-08-17
AJ네트웍스,095570,2015-08-21
웹스,196700,2015-08-24
에이텍모빌리티,224110,2015-08-25
씨아이에스,222080,2015-09-02
인포마크,175140,2015-09-23
HDC랩스,039570,2015-09-24
동일제강,002690,2015-09-24
타이거일렉,219130,2015-09-25
넥슨게임즈,225570,2015-09-25
제너셈,217190,2015-09-25
LIG넥스원,079550,2015-10-02
패션플랫폼,225590,2015-10-05
한송네오텍,226440,2015-10-06
케이엠제약,225430,2015-10-08
뉴지랩파마,214870,2015-10-13
메디쎄이,200580,2015-10-20
엄지하우스,224810,2015-10-21
엑시콘,092870,2015-10-22
KH 건설,226360,2015-10-22
현대코퍼레이션홀딩스,227840,2015-10-23
엔케이맥스,182400,2015-10-23
노브메타파마,229500,2015-10-28
럭스피아,092590,2015-10-30
연우,115960,2015-11-02
파마리서치바이오,217950,2015-11-05
파마리서치바이오,217950,2015-11-05
본느,226340,2015-11-05
제주항공,089590,2015-11-06
금호에이치티,214330,2015-11-11
나무가,190510,2015-11-12
이노시스,056090,2015-11-12
아이진,185490,2015-11-16
케어젠,214370,2015-11-17
엔투텍,227950,2015-11-18
네오오토,212560,2015-11-18
케이디켐,221980,2015-11-19
DXVX,180400,2015-11-20
하이즈항공,221840,2015-11-25
세진중공업,075580,2015-11-30
원익피앤이,217820,2015-12-07
에이치엔에스하이텍,044990,2015-12-10
멕아이씨에스,058110,2015-12-14
코스맥스엔비티,222040,2015-12-16
에치에프알,230240,2015-12-16
예스티,122640,2015-12-16
파크시스템스,140860,2015-12-17
보광산업,225530,2015-12-17
메가엠디,133750,2015-12-18
에이원알폼,234070,2015-12-21
강스템바이오텍,217730,2015-12-21
HLB제약,047920,2015-12-21
덱스터,206560,2015-12-22
아진산업,013310,2015-12-22
한국맥널티,222980,2015-12-23
휴젤,145020,2015-12-24
휴젤,145020,2015-12-24
커머스마이너,223310,2015-12-24
와이아이케이,232140,2015-12-24
육일씨엔에쓰,191410,2015-12-24
잇츠한불,226320,2015-12-28
크로넥스,215570,2015-12-28
더코디,224060,2015-12-29
에스와이,109610,2015-12-29
질경이,233990,2015-12-29
이엠티,232530,2015-12-30
볼빅,206950,2015-12-30
메디젠휴먼케어,236340,2016-01-26
크리스탈신소재,900250,2016-01-28
유니트론텍,142210,2016-02-02
제이에스코퍼레이션,194370,2016-02-04
슈프리마,236200,2016-02-05
안트로젠,065660,2016-02-15
큐리언트,115180,2016-02-29
에이트원,230980,2016-03-02
AP위성,211270,2016-03-04
팬젠,222110,2016-03-11
삼일씨엔에스,004440,2016-03-30
동양파일,228340,2016-04-06
레이언스,228850,2016-04-11
로보쓰리에이아이앤로보틱스,238500,2016-04-20
원익IPS,240810,2016-05-02
해태제과식품,101530,2016-05-11
용평리조트,070960,2016-05-27
용평리조트,070960,2016-05-27
KC산업,112190,2016-05-31
나눔테크,244880,2016-06-01
휴온스,243070,2016-06-03
줌인터넷,239340,2016-06-09
이비테크,208850,2016-06-22
알엔투테크놀로지,148250,2016-06-22
지씨셀,144510,2016-06-23
에스티팜,237690,2016-06-23
씨앤에스링크,245450,2016-06-24
해성디에스,195870,2016-06-24
에스엘에스바이오,246250,2016-06-29
로스웰,900260,2016-06-30
피앤씨테크,237750,2016-07-04
비엘,142760,2016-07-07
한국토지신탁,034830,2016-07-11
한국자산신탁,123890,2016-07-13
위니아,071460,2016-07-14
장원테크,174880,2016-07-15
동서,026960,2016-07-15
제노텍,066830,2016-07-18
아이윈플러스,123010,2016-07-20
에스케이씨에스,224020,2016-07-25
휴벡셀,212310,2016-07-26
우리손에프앤지,073560,2016-07-27
엔지스테크널러지,208860,2016-07-28
두올,016740,2016-07-29
블루탑,191600,2016-08-05
에코마케팅,230360,2016-08-08
샘표식품,248170,2016-08-09
헝셩그룹,900270,2016-08-18
일동제약,249420,2016-08-31
자이글,234920,2016-09-06
나무기술,242040,2016-09-07
모비스,250060,2016-09-08
유니테크노,241690,2016-09-20
LS전선아시아,229640,2016-09-22
모두투어리츠,204210,2016-09-22
예선테크,250930,2016-09-29
화승엔터프라이즈,241590,2016-10-04
미투온,201490,2016-10-10
수산아이앤티,050960,2016-10-11
앤디포스,238090,2016-10-12
잉글우드랩,950140,2016-10-14
에이치시티,072990,2016-10-17
인텔리안테크,189300,2016-10-18
골든센츄리,900280,2016-10-19
GRT,900290,2016-10-25
안지오랩,251280,2016-10-25
JW생명과학,234080,2016-10-27
에이치엘사이언스,239610,2016-10-28
코스메카코리아,241710,2016-10-28
굿센,243870,2016-10-31
인크로스,216050,2016-10-31
세화피앤씨,252500,2016-11-02
얼라인드,238120,2016-11-03
오가닉티코스메틱,900300,2016-11-04
클리오,237880,2016-11-09
삼성바이오로직스,207940,2016-11-10
두산밥캣,241560,2016-11-18
핸디소프트,220180,2016-11-24
에스엘테라퓨틱스,258540,2016-11-29
엘앤케이바이오,156100,2016-11-30
뉴파워프라즈마,144960,2016-11-30
퓨쳐켐,220100,2016-12-01
오션브릿지,241790,2016-12-01
핸즈코퍼레이션,143210,2016-12-02
자비스,254120,2016-12-02
신라젠,215600,2016-12-06
유니온커뮤니티,203450,2016-12-07
애니젠,196300,2016-12-07
바이오프로테크,199290,2016-12-08
바이오프로테크,199290,2016-12-08
피엠티,147760,2016-12-12
셀젠텍,258250,2016-12-13
TS인베스트먼트,246690,2016-12-15
DSC인베스트먼트,241520,2016-12-19
피엔아이컴퍼니,242350,2016-12-22
도부마스크,227420,2016-12-28
한국비엔씨,256840,2016-12-28
유바이오로직스,206650,2017-01-24
서플러스글로벌,140070,2017-01-25
호전실업,111110,2017-02-02
피씨엘,241820,2017-02-23
모바일어플라이언스,087260,2017-02-24
에프엔에스테크,083500,2017-02-27
신신제약,002800,2017-02-28
에스디생명공학,217480,2017-03-02
덴티움,145720,2017-03-15
아스타,246720,2017-03-20
코미코,183300,2017-03-23
서진시스템,178320,2017-03-27
유비쿼스,264450,2017-03-31
이엘피,063760,2017-04-06
유에스티,263770,2017-04-06
AP시스템,265520,2017-04-07
크라운제과,264900,2017-04-11
파워풀엑스,266870,2017-04-24
와이엠티,251370,2017-04-27
소프트캠프,258790,2017-04-27
하나머티리얼즈,166090,2017-04-28
포인트엔지니어링,256630,2017-05-02
HD현대,267250,2017-05-10
HD현대건설기계,267270,2017-05-10
HD현대일렉트릭,267260,2017-05-10
경동도시가스,267290,2017-05-12
넷마블,251270,2017-05-12
미원에스씨,268280,2017-05-22
이랜시스,264850,2017-06-01
필옵틱스,161580,2017-06-01
삼양옵틱스,225190,2017-06-02
매일유업,267980,2017-06-05
보라티알,250000,2017-06-08
뿌리깊은나무들,266170,2017-06-09
에스알바이오텍,270210,2017-06-15
나인테크,267320,2017-06-22
메디안디노스틱,233250,2017-06-26
덴티스,261200,2017-06-26
메디안디노스틱,233250,2017-06-26
하림지주,003380,2017-06-30
오리온,271560,2017-07-07
이녹스첨단소재,272290,2017-07-10
카카오,035720,2017-07-10
아우딘퓨쳐스,227610,2017-07-12
브이원텍,251630,2017-07-13
제일약품,271980,2017-07-17
힘스,238490,2017-07-20
루켄테크놀러지스,162120,2017-07-25
이즈미디어,181340,2017-07-26
셀트리온헬스케어,091990,2017-07-28
디앤씨미디어,263720,2017-08-01
지니언스,263860,2017-08-02
데이타솔루션,263800,2017-08-03
모트렉스,118990,2017-08-04
와이즈버즈,273060,2017-08-07
컬러레이,900310,2017-08-10
알에스오토메이션,140670,2017-08-11
지오릿에너지,270520,2017-08-22
케일럼,258610,2017-08-22
덕우전자,263600,2017-08-28
SK시그넷,260870,2017-08-30
케이피에스,256940,2017-09-06
펄어비스,263750,2017-09-14
어스앤에어로스페이스,263540,2017-09-15
앱클론,174900,2017-09-18
엠플러스,259630,2017-09-20
선익시스템,171090,2017-09-20
신흥에스이씨,243840,2017-09-27
유티아이,179900,2017-09-27
휴엠앤씨,263920,2017-09-28
야스,255440,2017-09-29
인산가,277410,2017-09-29
상신전자,263810,2017-10-16
폴라리스세원,234100,2017-10-20
영화테크,265560,2017-10-26
탑선,180060,2017-10-27
롯데웰푸드,280360,2017-10-30
EMB,278990,2017-10-31
테이팩스,055490,2017-10-31
코오롱티슈진,950160,2017-11-06
비디아이,148140,2017-11-09
스튜디오드래곤,253450,2017-11-24
삼양패키징,272550,2017-11-29
동아타이어,282690,2017-11-29
비즈니스온,138580,2017-11-30
대원,007680,2017-12-01
체리부로,066360,2017-12-04
케이씨텍,281820,2017-12-05
에스트래픽,234300,2017-12-05
메카로,241770,2017-12-06
씨티케이,260930,2017-12-07
BGF리테일,282330,2017-12-08
동양피스톤,092780,2017-12-08
진에어,272450,2017-12-08
레이크머티리얼즈,281740,2017-12-12
씨알푸드,236030,2017-12-14
디바이스이엔지,187870,2017-12-20
시스웍,269620,2017-12-26
SK케미칼,285130,2018-01-05
쿠쿠홈시스,284740,2018-01-11
씨앤지하이테크,264660,2018-01-25
SG,255220,2018-01-26
배럴,267790,2018-02-01
링크제니시스,219420,2018-02-05
카페24,042000,2018-02-08
셀트리온,068270,2018-02-09
아시아종묘,154030,2018-02-12
알리코제약,260660,2018-02-12
동구바이오제약,006620,2018-02-13
엔지켐생명과학,183490,2018-02-21
오스테오닉,226400,2018-02-22
린드먼아시아,277070,2018-03-14
애경산업,018250,2018-03-22
케어랩스,263700,2018-03-28
네오셈,253590,2018-04-04
JTC,950170,2018-04-06
에스제이켐,217910,2018-04-27
제이시스메디칼,287410,2018-05-08
디피코,163430,2018-05-16
디피코,163430,2018-05-16
제노레이,122310,2018-05-28
세종메디칼,258830,2018-05-29
카나리아바이오,016790,2018-06-01
파워넷,037030,2018-06-07
카이노스메드,284620,2018-06-08
HDC현대산업개발,294870,2018-06-12
에스엠비나,299670,2018-06-25
EDGC,245620,2018-06-26
이리츠코크렙,088260,2018-06-27
지앤이헬스케어,299480,2018-06-29
엘리비젼,276240,2018-07-05
SV인베스트먼트,289080,2018-07-06
아이큐어,175250,2018-07-12
효성화학,298000,2018-07-13
테크트랜스,258050,2018-07-13
효성첨단소재,298050,2018-07-13
효성중공업,298040,2018-07-13
효성티앤씨,298020,2018-07-13
올릭스,226950,2018-07-18
알로이스,297570,2018-07-20
그리티,204020,2018-07-23
한국유니온제약,080720,2018-07-26
한국유니온제약,080720,2018-07-26
롯데정보통신,286940,2018-07-27
티웨이항공,091810,2018-08-01
휴네시온,290270,2018-08-02
한일시멘트,300720,2018-08-06
에스에스알,275630,2018-08-06
디아이티,110990,2018-08-07
신한알파리츠,293940,2018-08-08
대유,290380,2018-08-10
더콘텐츠온,302920,2018-08-13
바이오솔루션,086820,2018-08-20
에이피티씨,089970,2018-08-23
오파스넷,173130,2018-08-24
액트로,290740,2018-08-28
지니틱스,303030,2018-08-30
디지캡,197140,2018-09-07
엔솔바이오사이언스,140610,2018-09-10
엔피,291230,2018-09-13
명성티엔에스,257370,2018-09-13
우진아이엔에스,010400,2018-09-14
지티지웰니스,219750,2018-09-21
더블유에스아이,299170,2018-09-21
크리스에프앤씨,110790,2018-10-01
하나제약,293480,2018-10-02
나우IB,293580,2018-10-04
푸드나무,290720,2018-10-04
세아제강,306200,2018-10-05
에스퓨얼셀,288620,2018-10-15
로보티즈,108490,2018-10-26
옵티팜,153710,2018-10-26
네온테크,306620,2018-10-31
엘앤씨바이오,290650,2018-11-01
노바텍,285490,2018-11-02
대보마그네틱,290670,2018-11-06
셀리버리,268600,2018-11-09
노바렉스,194700,2018-11-14
에이치앤비디자인,227100,2018-11-15
디케이앤디,263020,2018-11-20
파멥신,208340,2018-11-21
아주IB투자,027360,2018-11-21
디알젬,263690,2018-11-22
싸이토젠,217330,2018-11-22
나라소프트,288490,2018-11-23
아시아나IDT,267850,2018-11-23
네오펙트,290660,2018-11-28
에이펙스인텍,207490,2018-11-28
티앤알바이오팹,246710,2018-11-28
엠아이텍,179290,2018-11-29
남화산업,111710,2018-11-29
티로보틱스,117730,2018-11-29
윙입푸드,900340,2018-11-30
베스파,299910,2018-12-03
원바이오젠,307280,2018-12-05
에코캡,128540,2018-12-05
대유에이피,290120,2018-12-07
이노메트리,302430,2018-12-12
비투엔,307870,2018-12-12
뉴트리,270870,2018-12-13
전진바이오팜,110020,2018-12-14
머큐리,100590,2018-12-14
에이비엘바이오,298380,2018-12-19
국전약품,307750,2018-12-19
오하임아이엔티,309930,2018-12-20
디와이씨,310870,2018-12-20
위지윅스튜디오,299900,2018-12-20
애니플러스,310200,2018-12-21
테크엔,308700,2018-12-21
아이엘사이언스,307180,2018-12-21
디케이티,290550,2018-12-21
유틸렉스,263050,2018-12-24
비피도,238200,2018-12-26
비피도,238200,2018-12-26
에어부산,298690,2018-12-27
엘에이티,311060,2018-12-28
웹케시,053580,2019-01-25
노랑풍선,104620,2019-01-30
이노테라피,246960,2019-02-01
천보,278280,2019-02-11
우리금융지주,316140,2019-02-13
셀리드,299660,2019-02-20
에코프로비엠,247540,2019-03-05
더블유게임즈,192080,2019-03-12
드림텍,192650,2019-03-14
미래에셋벤처투자,100790,2019-03-15
이지케어텍,099750,2019-03-22
지노믹트리,228760,2019-03-27
현대오토에버,307950,2019-03-28
아모그린텍,125210,2019-03-29
이노벡스,279060,2019-04-12
TS트릴리온,317240,2019-04-29
현대무벡스,319400,2019-05-08
피에스케이,319660,2019-05-10
다원넥스뷰,323350,2019-05-21
컴퍼니케이,307930,2019-05-23
수젠텍,253840,2019-05-28
포스코퓨처엠,003670,2019-05-29
코퍼스코리아,322780,2019-05-31
프로이천,321260,2019-05-31
마이크로디지탈,305090,2019-06-05
까스텔바작,308100,2019-06-10
압타바이오,293780,2019-06-12
엠에프엠코리아,323230,2019-06-19
태성,323280,2019-06-24
에이에프더블류,312610,2019-07-01
펌텍코리아,251970,2019-07-04
펨토바이오메드,327610,2019-07-10
아이스크림에듀,289010,2019-07-11
헥토파이낸셜,234340,2019-07-12
플리토,300080,2019-07-17
에이스토리,241840,2019-07-19
대모,317850,2019-07-24
윌링스,313760,2019-07-25
세경하이테크,148150,2019-07-30
KBG,318000,2019-08-01
엑스페릭스,317770,2019-08-01
덕산테코피아,317330,2019-08-02
코윈테크,282880,2019-08-05
그린플러스,186230,2019-08-07
레이,228670,2019-08-08
에스피시스템스,317830,2019-08-14
나노브릭,286750,2019-08-19
솔트웨어,328380,2019-08-20
마니커에프앤지,195500,2019-08-20
네오크레마,311390,2019-08-22
아퓨어스,149300,2019-09-03
한독크린텍,256150,2019-09-05
라닉스,317120,2019-09-18
윈텍,320000,2019-09-18
올리패스,244460,2019-09-20
엔지브이아이,093510,2019-09-30
엔지브이아이,093510,2019-09-30
포커스에이치엔에스,331380,2019-10-02
누보,332290,2019-10-11
녹십자웰빙,234690,2019-10-14
아톤,158430,2019-10-17
두산퓨얼셀,336260,2019-10-18
콘텐트리중앙,036420,2019-10-18
라온피플,300120,2019-10-18
솔루스첨단소재,336370,2019-10-18
팜스빌,318010,2019-10-22
엔바이오니아,317870,2019-10-24
케이엔제이,272110,2019-10-25
한국미라클피플사,331660,2019-10-28
밸로프,331520,2019-10-29
캐리소프트,317530,2019-10-29
지누스,013890,2019-10-30
롯데리츠,330590,2019-10-30
티라유텍,322180,2019-10-31
모코엠시스,333050,2019-10-31
미디어젠,279600,2019-11-05
자이에스앤디,317400,2019-11-06
일승,333430,2019-11-06
아이티엠반도체,084850,2019-11-07
라파스,214260,2019-11-11
한화시스템,272210,2019-11-13
제테마,216080,2019-11-14
제테마,216080,2019-11-14
에스제이그룹,306040,2019-11-18
HD현대에너지솔루션,322000,2019-11-19
우양,103840,2019-11-20
코리아에셋투자증권,190650,2019-11-20
씨에스베어링,297090,2019-11-21
티움바이오,321550,2019-11-22
씨티알모빌리티,308170,2019-11-25
HLB바이오스텝,278650,2019-11-27
웨이버스,336060,2019-11-28
유엑스엔,337840,2019-11-28
진코스텍,250030,2019-11-29
타스컴,336040,2019-12-02
비올,335890,2019-12-03
NH프라임리츠,338100,2019-12-05
노드메이슨,317860,2019-12-06
리메드,302550,2019-12-06
윙스풋,335870,2019-12-09
태웅로직스,124560,2019-12-10
제이엘케이,322510,2019-12-11
신테카바이오,226330,2019-12-17
원텍,336570,2019-12-19
다보링크,340360,2019-12-19
메드팩토,235980,2019-12-19
브릿지바이오,288330,2019-12-20
아이비김영,339950,2019-12-24
RF머트리얼즈,327260,2019-12-24
CJ 바이오사이언스,311690,2019-12-26
피피아이,062970,2019-12-26
엔에스엠,238170,2019-12-26
이앤에치,341310,2019-12-27
세림B&G,340440,2019-12-27
케이씨씨글라스,344820,2020-01-21
위세아이텍,065370,2020-02-10
서남,294630,2020-02-20
레몬,294140,2020-02-28
켄코아에어로스페이스,274090,2020-03-03
제이앤티씨,204270,2020-03-04
서울바이오시스,092190,2020-03-06
플레이디,237820,2020-03-12
엔피디,198080,2020-03-16
HLB사이언스,343090,2020-04-24
대덕전자,353200,2020-05-21
드림씨아이에스,223250,2020-05-22
이지바이오,353810,2020-06-05
에스씨엠생명과학,298060,2020-06-17
휴럼,353190,2020-06-17
에스에이티이엔지,351320,2020-06-22
HB솔루션,297890,2020-06-22
무진메디,322970,2020-06-24
젠큐릭스,229000,2020-06-25
엠브레인,169330,2020-07-01
에스케이바이오팜,326030,2020-07-02
위더스제약,330350,2020-07-03
신도기연,290520,2020-07-06
소마젠,950200,2020-07-13
에이프로,262260,2020-07-16
이지스밸류플러스리츠,334890,2020-07-16
바이오인프라생명과학,266470,2020-07-22
티에스아이,277880,2020-07-22
솔트룩스,304100,2020-07-23
제놀루션,225220,2020-07-24
더네이쳐홀딩스,298540,2020-07-27
엠투아이,347890,2020-07-29
에코앤드림,101360,2020-07-30
와이팜,332570,2020-07-31
미래에셋맵스리츠,357250,2020-08-05
이지스레지던스리츠,350520,2020-08-05
이루다,164060,2020-08-06
솔브레인,357780,2020-08-06
제이알글로벌리츠,348950,2020-08-07
한국파마,032300,2020-08-10
영림원소프트랩,060850,2020-08-12
브랜드엑스코퍼레이션,337930,2020-08-13
데이드림엔터,348840,2020-08-18
미투젠,950190,2020-08-18
셀레믹스,331920,2020-08-21
아이디피,332370,2020-08-24
코람코에너지리츠,357120,2020-08-31
피엔케이피부임상연구센타,347740,2020-09-09
카카오게임즈,293490,2020-09-10
이오플로우,294090,2020-09-14
압타머사이언스,291650,2020-09-16
코스텍시스,355150,2020-09-18
핌스,347770,2020-09-18
비비씨,318410,2020-09-21
박셀바이오,323990,2020-09-22
티와이홀딩스,363280,2020-09-22
비나텍,126340,2020-09-23
씨엔알리서치,359090,2020-09-23
케이엔솔,053080,2020-09-24
넥스틴,348210,2020-10-08
하이브,352820,2020-10-15
피플바이오,304840,2020-10-19
미코바이오메드,214610,2020-10-22
원포유,122830,2020-10-23
바이브컴퍼니,301300,2020-10-28
센코,347000,2020-10-29
위드텍,348350,2020-10-30
소룩스,290690,2020-11-06
교촌에프앤비,339770,2020-11-12
네패스아크,330860,2020-11-17
고바이오랩,348150,2020-11-18
티앤엘,340570,2020-11-20
에이플러스에셋,244920,2020-11-20
하나기술,299030,2020-11-25
제일전기공업,199820,2020-11-26
엔에프씨,265740,2020-12-02
앱코,129890,2020-12-02
포인트모바일,318020,2020-12-03
클리노믹스,352770,2020-12-04
명신산업,009900,2020-12-07
퀀타매트릭스,317690,2020-12-09
DB금융스팩8호,367340,2020-12-09
엔젠바이오,354200,2020-12-10
씨엔티드림,286000,2020-12-11
인바이오,352940,2020-12-11
티엘비,356860,2020-12-14
에이치엠씨제5호스팩,353060,2020-12-16
에프앤가이드,064850,2020-12-17
알체라,347860,2020-12-21
하이딥,365590,2020-12-21
프리시젼바이오,335810,2020-12-22
블리츠웨이,369370,2020-12-23
ESR켄달스퀘어리츠,365550,2020-12-23
지놈앤컴퍼니,314130,2020-12-23
석경에이티,357550,2020-12-23
루트락,253610,2020-12-24
베른,322190,2020-12-29
나우코스,257990,2020-12-30
엔비티,236810,2021-01-21
파이버프로,368770,2021-01-21
DL이앤씨,375500,2021-01-25
선진뷰티사이언스,086710,2021-01-27
모비릭스,348030,2021-01-28
씨앤투스,352700,2021-01-28
핑거,163730,2021-01-29
솔루엠,248070,2021-02-02
레인보우로보틱스,277810,2021-02-03
와이더플래닛,321820,2021-02-03
신한제7호스팩,366330,2021-02-04
프레스티지바이오파마,950210,2021-02-05
아이퀘스트,262840,2021-02-05
모비데이즈,363260,2021-02-10
피엔에이치테크,239890,2021-02-16
오로스테크놀로지,322310,2021-02-24
씨이랩,189330,2021-02-24
유일에너테크,340930,2021-02-25
뷰노,338220,2021-02-26
하인크코리아,373200,2021-02-26
하나머스트7호스팩,372290,2021-03-05
나노씨엠에스,247660,2021-03-09
프레스티지바이오로직스,334970,2021-03-11
싸이버원,356890,2021-03-11
화승알앤에이,378850,2021-03-15
DB금융스팩9호,367360,2021-03-16
네오이뮨텍,950220,2021-03-16
바이오다인,314930,2021-03-17
SK바이오사이언스,302440,2021-03-18
라이프시맨틱스,347700,2021-03-23
제노코,361390,2021-03-24
자이언트스텝,289220,2021-03-24
엔시스,333620,2021-04-01
유안타제8호스팩,367480,2021-04-05
유진스팩6호,373340,2021-04-08
해성티피씨,059270,2021-04-21
이삭엔지니어링,351330,2021-04-21
쿠콘,294570,2021-04-28
하이제6호스팩,377400,2021-05-10
SK아이이테크놀로지,361610,2021-05-11
에이치피오,357230,2021-05-14
씨앤씨인터내셔널,352480,2021-05-17
샘씨엔에스,252990,2021-05-20
F&F,383220,2021-05-21
엔에이치스팩19호,380440,2021-05-21
삼영에스앤씨,361670,2021-05-21
삼성스팩4호,377630,2021-05-21
제주맥주,276730,2021-05-26
진시스템,363250,2021-05-26
LX홀딩스,383800,2021-05-27
에코프로에이치엔,383310,2021-05-28
에이디엠코리아,187660,2021-06-03
이성씨엔아이,379390,2021-06-04
LB루셈,376190,2021-06-11
삼성머스트스팩5호,380320,2021-06-17
라온테크,232680,2021-06-17
이노뎁,303530,2021-06-18
타임기술,318660,2021-06-24
아모센스,357580,2021-06-25
엠씨넥스,097520,2021-07-06
오비고,352910,2021-07-13
에스디바이오센서,137310,2021-07-16
큐라클,365270,2021-07-22
맥스트,377030,2021-07-27
에브리봇,270660,2021-07-28
한화플러스제2호스팩,386580,2021-08-05
카카오뱅크,323410,2021-08-06
HK이노엔,195940,2021-08-09
PI첨단소재,178920,2021-08-09
크래프톤,259960,2021-08-10
원티드랩,376980,2021-08-11
플래티어,367000,2021-08-12
엠로,058970,2021-08-13
딥노이드,315640,2021-08-17
한컴라이프케어,372910,2021-08-17
롯데렌탈,089860,2021-08-19
브레인즈컴퍼니,099390,2021-08-19
아주스틸,139990,2021-08-20
바이젠셀,308080,2021-08-25
디앤디플랫폼리츠,377190,2021-08-27
일진하이솔루스,271940,2021-09-01
라이콤,388790,2021-09-03
에이비온,203400,2021-09-08
와이엠텍,273640,2021-09-10
유진스팩7호,388800,2021-09-13
SK리츠,395400,2021-09-14
HD현대중공업,329180,2021-09-17
바이오플러스,099430,2021-09-27
신한제8호스팩,393360,2021-09-27
프롬바이오,377220,2021-09-28
에스앤디,260970,2021-09-29
실리콘투,257720,2021-09-29
엔에이치스팩20호,391060,2021-10-05
아스플로,159010,2021-10-07
원준,382840,2021-10-07
씨유테크,376290,2021-10-08
케이카,381970,2021-10-13
코닉오토메이션,391710,2021-10-15
지아이텍,382480,2021-10-21
젬,248020,2021-10-22
차백신연구소,261780,2021-10-22
아이패밀리에스씨,114840,2021-10-28
지앤비에스 에코,382800,2021-10-29
리파인,377450,2021-10-29
엔켐,348370,2021-11-01
피코그램,376180,2021-11-03
카카오페이,377300,2021-11-03
지니너스,389030,2021-11-08
디어유,376300,2021-11-10
비트나인,357880,2021-11-10
아이티아이즈,372800,2021-11-11
지오엘리먼트,311320,2021-11-11
트윔,290090,2021-11-17
NH올원리츠,400760,2021-11-18
바이옵트로,222160,2021-11-18
알비더블유,361570,2021-11-22
마음AI,377480,2021-11-23
SK스퀘어,402340,2021-11-29
켈스,402420,2021-11-30
미래에셋글로벌리츠,396690,2021-12-03
신한서부티엔디리츠,404990,2021-12-10
툴젠,199800,2021-12-10
제이엠멀티,254160,2021-12-13
라피치,403360,2021-12-14
우리벤처파트너스,298870,2021-12-16
하이제7호스팩,400840,2021-12-20
교보11호스팩,397880,2021-12-20
하나금융20호스팩,400560,2021-12-27
래몽래인,200350,2021-12-30
디비금융스팩10호,404950,2022-01-20
오토앤,353590,2022-01-20
코스텍시스템,169670,2022-01-21
애드바이오텍,179530,2022-01-24
케이옥션,102370,2022-01-24
애드바이오텍,179530,2022-01-24
LG에너지솔루션,373220,2022-01-27
스코넥,276040,2022-02-04
이지트로닉스,377330,2022-02-04
아셈스,136410,2022-02-07
나래나노텍,137080,2022-02-08
인카금융서비스,211050,2022-02-16
IBKS제17호스팩,405350,2022-02-18
한국제10호스팩,409570,2022-02-21
바이오에프디엔씨,251120,2022-02-21
퓨런티어,370090,2022-02-23
브이씨,365900,2022-02-24
하나금융21호스팩,406760,2022-02-25
스톤브릿지벤처스,330730,2022-02-25
풍원정밀,371950,2022-02-28
노을,376930,2022-03-03
비씨엔씨,146320,2022-03-03
메쎄이상,408920,2022-03-07
모아데이타,288980,2022-03-10
유일로보틱스,388720,2022-03-18
공구우먼,366030,2022-03-23
세아메카닉스,396300,2022-03-24
코람코더원리츠,417310,2022-03-28
유진스팩8호,413630,2022-03-31
지투파워,388050,2022-04-01
키움제6호스팩,413600,2022-04-07
미래에셋비전스팩1호,412930,2022-04-21
신한제9호스팩,405640,2022-04-27
포바이포,389140,2022-04-28
신영스팩7호,419270,2022-04-28
상상인제3호스팩,415580,2022-04-29
대명에너지,389260,2022-05-16
가온칩스,399720,2022-05-20
하나금융22호스팩,418170,2022-05-26
마스턴프리미어리츠,357430,2022-05-31
청담글로벌,362320,2022-06-03
코나솔,176590,2022-06-15
범한퓨얼셀,382900,2022-06-17
비플라이소프트,148780,2022-06-20
케이비제21호스팩,424140,2022-06-23
위니아에이드,377460,2022-06-23
레이저쎌,412350,2022-06-24
교보12호스팩,421800,2022-06-24
보로노이,310210,2022-06-24
엔에이치스팩23호,422040,2022-06-28
삼성스팩6호,425290,2022-06-30
넥스트칩,396270,2022-07-01
코난테크놀로지,402030,2022-07-07
와이씨켐,112290,2022-07-14
HPSP,403870,2022-07-15
바스칸바이오제약,354390,2022-07-20
루닛,328130,2022-07-21
벨로크,424760,2022-07-22
퓨쳐메디신,341170,2022-07-27
성일하이텍,365340,2022-07-28
에이프릴바이오,397030,2022-07-28
에이프릴바이오,397030,2022-07-28
신한제10호스팩,418210,2022-07-29
아이씨에이치,368600,2022-07-29
수산인더스트리,126720,2022-08-01
새빗켐,107600,2022-08-04
유안타제9호스팩,430700,2022-08-04
에이치와이티씨,148930,2022-08-09
쏘카,403550,2022-08-22
대성하이텍,129920,2022-08-22
신영스팩8호,430220,2022-08-26
IBKS제19호스팩,426550,2022-08-26
키움제7호스팩,433530,2022-09-07
하나금융23호스팩,427950,2022-09-15
케이비제22호스팩,436530,2022-09-22
오픈엣지테크놀로지,394280,2022-09-26
티엘엔지니어링,413300,2022-09-27
하나금융24호스팩,430230,2022-09-29
알피바이오,314140,2022-09-29
한화플러스제3호스팩,430460,2022-09-29
더블유씨피,393890,2022-09-30
선바이오,067370,2022-10-05
유안타제10호스팩,435380,2022-10-06
SK증권제8호스팩,435870,2022-10-06
KB스타리츠,432320,2022-10-06
파인엠텍,441270,2022-10-07
이노룰스,296640,2022-10-07
모델솔루션,417970,2022-10-07
오에스피,368970,2022-10-14
에스비비테크,389500,2022-10-17
탑머티리얼,360070,2022-10-18
비스토스,419540,2022-10-18
샤페론,378800,2022-10-19
하나금융25호스팩,435620,2022-10-20
엔에이치스팩24호,437780,2022-10-20
핀텔,291810,2022-10-20
한국제11호스팩,436610,2022-10-20
플라즈맵,405000,2022-10-21
탈로스,434190,2022-10-24
삼성스팩7호,439250,2022-10-26
산돌,419120,2022-10-27
저스템,417840,2022-10-28
IBKS제20호스팩,439730,2022-10-28
큐알티,405100,2022-11-02
교보13호스팩,440790,2022-11-02
케이비제23호스팩,440200,2022-11-03
LX세미콘,108320,2022-11-03
엔에이치스팩25호,438580,2022-11-03
제이아이테크,417500,2022-11-04
뉴로메카,348340,2022-11-04
디티앤씨알오,383930,2022-11-11
윤성에프앤씨,372170,2022-11-14
티쓰리,204610,2022-11-17
티에프이,425420,2022-11-17
유비온,084440,2022-11-18
엔젯,419080,2022-11-18
인벤티지랩,389470,2022-11-22
펨트론,168360,2022-11-24
유니드비티플러스,446070,2022-11-28
대신밸런스제13호스팩,438220,2022-11-28
에이아이더뉴트리진,311960,2022-11-29
아하,102950,2022-11-30
유진스팩9호,442130,2022-12-01
엔에이치스팩26호,439410,2022-12-01
대신밸런스제14호스팩,442310,2022-12-05
SAMG엔터,419530,2022-12-06
핑거스토리,417180,2022-12-08
엔에이치스팩27호,440820,2022-12-16
IBKS제21호스팩,442770,2022-12-16
애니메디솔루션,390110,2022-12-21
마이크로엔엑스,448780,2022-12-21
바이오노트,377740,2022-12-22
비엔케이제1호스팩,445360,2022-12-22
지에프씨생명과학,388610,2022-12-23
카이바이오텍,446600,2022-12-23
신스틸,162300,2022-12-23
신영스팩9호,445970,2022-12-27
아이오바이오,447690,2022-12-28
타이드,346010,2022-12-28
옵티코어,380540,2022-12-29
티이엠씨,425040,2023-01-19
한주라이트메탈,198940,2023-01-19
태양3C,052960,2023-01-26
태양3C,052960,2023-01-26
지슨,289860,2023-01-26
미래반도체,254490,2023-01-27
오브젠,417860,2023-01-30
코오롱모빌리티그룹,450140,2023-01-31
삼기이브이,419050,2023-02-03
스튜디오미르,408900,2023-02-07
꿈비,407400,2023-02-09
샌즈랩,411080,2023-02-15
제이오,418550,2023-02-16
화인써키트,127980,2023-02-17
이노진,344860,2023-02-20
미래에셋비전스팩2호,446190,2023-02-24
유안타제13호스팩,449020,2023-02-28
바이오인프라,199730,2023-03-02
삼성스팩8호,448740,2023-03-02
나노팀,417010,2023-03-03
자람테크놀로지,389020,2023-03-07
하나26호스팩,446750,2023-03-07
라온텍,418420,2023-03-09
엔에이치스팩28호,450410,2023-03-09
금양그린파워,282720,2023-03-13
미래에셋드림스팩1호,442900,2023-03-15
엑스게이트,356680,2023-03-16
유안타제12호스팩,446150,2023-03-17
한화리츠,451800,2023-03-27
LB인베스트먼트,309960,2023-03-29
지아이이노베이션,358570,2023-03-30
한화갤러리아,452260,2023-03-31
IBKS제22호스팩,448760,2023-04-06
하나27호스팩,448370,2023-04-06
미래에셋비전스팩3호,448830,2023-04-07
현대그린푸드,453340,2023-04-10
삼성FN리츠,448730,2023-04-10
노보믹스,283100,2023-04-19
SK오션플랜트,100090,2023-04-19
셀바이오휴먼텍,318160,2023-04-20
마이크로투나노,424980,2023-04-26
토마토시스템,393210,2023-04-27
슈어소프트테크,298830,2023-04-28
에스바이오메딕스,304360,2023-05-04
삼미금속,012210,2023-05-16
트루엔,417790,2023-05-17
키움제8호스팩,446840,2023-05-17
큐라켐,456190,2023-05-18
모니터랩,434480,2023-05-19
씨유박스,340810,2023-05-19
팸텍,271830,2023-05-23
기가비스,420770,2023-05-24
OCI,456040,2023-05-30
이수스페셜티케미컬,457190,2023-05-31
진영,285800,2023-06-01
나라셀라,405920,2023-06-02
마녀공장,439090,2023-06-08
큐라티스,348080,2023-06-15
동국제강,460860,2023-06-16
프로테옴텍,303360,2023-06-16
동국씨엠,460850,2023-06-16
가이아코퍼레이션,296520,2023-06-20
비에이치,090460,2023-06-20
하이제8호스팩,450050,2023-06-22
엔에이치스팩29호,451700,2023-06-23
KB제25호스팩,455250,2023-06-23
하나29호스팩,454640,2023-06-28
시큐센,232830,2023-06-29
